1759286911,910139069,map,8.705615604251223,1.5462979088380777,0.010529280532671687,-0.003997942048207117,-0.005578260511761528,0.5889168142581646,0.8081645162669892
1759286911,910139069,map,8.705615604251223,1.5462979088380777,0.010529280532671687,-0.003997942048207117,-0.005578260511761528,0.5889168142581646,0.8081645162669892
1759286911,910139069,map,8.705615604251223,1.5462979088380777,0.010529280532671687,-0.003997942048207117,-0.005578260511761528,0.5889168142581646,0.8081645162669892
1759286911,962134366,map,8.704857603000619,1.5471690422521913,0.01096100154775706,-0.003802169820386146,-0.006007149303208601,0.585911679331819,0.8103437305763979
1759286911,962134366,map,8.704857603000619,1.5471690422521913,0.01096100154775706,-0.003802169820386146,-0.006007149303208601,0.585911679331819,0.8103437305763979
1759286911,962134366,map,8.704857603000619,1.5471690422521913,0.01096100154775706,-0.003802169820386146,-0.006007149303208601,0.585911679331819,0.8103437305763979
1759286912,16132954,map,8.704457243849095,1.5497503144253315,0.010958661695812943,-0.002084104434464165,-0.007108384015784025,0.5830265336937652,0.8124193427008144
1759286912,16132954,map,8.704457243849095,1.5497503144253315,0.010958661695812943,-0.002084104434464165,-0.007108384015784025,0.5830265336937652,0.8124193427008144
1759286912,66136251,map,8.703387133425093,1.5526750930088031,0.010776586310250302,-0.0013317989151202547,-0.006327806205974066,0.5838448733019369,0.8118394848116927
1759286912,66136251,map,8.703387133425093,1.5526750930088031,0.010776586310250302,-0.0013317989151202547,-0.006327806205974066,0.5838448733019369,0.8118394848116927
1759286912,66136251,map,8.703387133425093,1.5526750930088031,0.010776586310250302,-0.0013317989151202547,-0.006327806205974066,0.5838448733019369,0.8118394848116927
1759286912,120127923,map,8.701559788055812,1.5571975341751259,0.01092272595693003,-0.0038605249540975455,-0.005289612030850653,0.5864951032982704,0.8099262992141897
1759286912,120127923,map,8.701559788055812,1.5571975341751259,0.01092272595693003,-0.0038605249540975455,-0.005289612030850653,0.5864951032982704,0.8099262992141897
1759286912,174138470,map,8.699647934709285,1.5629079723707484,0.010522433605345966,-0.0025113588197787,-0.004660780532095562,0.5885570343937275,0.8084383634312331
1759286912,174138470,map,8.699647934709285,1.5629079723707484,0.010522433605345966,-0.0025113588197787,-0.004660780532095562,0.5885570343937275,0.8084383634312331
1759286912,174138470,map,8.699647934709285,1.5629079723707484,0.010522433605345966,-0.0025113588197787,-0.004660780532095562,0.5885570343937275,0.8084383634312331
1759286912,226133726,map,8.70082334997237,1.569892442430378,0.011488512077961643,-0.006870915459926238,-0.004381505006601644,0.5865938126946294,0.8098402878611298
1759286912,226133726,map,8.70082334997237,1.569892442430378,0.011488512077961643,-0.006870915459926238,-0.004381505006601644,0.5865938126946294,0.8098402878611298
1759286912,226133726,map,8.70082334997237,1.569892442430378,0.011488512077961643,-0.006870915459926238,-0.004381505006601644,0.5865938126946294,0.8098402878611298
1759286912,278125022,map,8.702239040800242,1.575184358211974,0.00924177490731476,-0.007078310325242069,-0.006529819224804189,0.5836100624479027,0.8119769417867642
1759286912,278125022,map,8.702239040800242,1.575184358211974,0.00924177490731476,-0.007078310325242069,-0.006529819224804189,0.5836100624479027,0.8119769417867642
1759286912,330132611,map,8.704573505182562,1.5796322491614472,0.008509188053661548,-0.0076047778771193295,-0.007795154343817983,0.5780408289226787,0.815935170844215
1759286912,330132611,map,8.704573505182562,1.5796322491614472,0.008509188053661548,-0.0076047778771193295,-0.007795154343817983,0.5780408289226787,0.815935170844215
1759286912,330132611,map,8.704573505182562,1.5796322491614472,0.008509188053661548,-0.0076047778771193295,-0.007795154343817983,0.5780408289226787,0.815935170844215
1759286912,384239825,map,8.709502900669138,1.5846458234958352,0.0075637164320672134,-0.01044531882134771,-0.00582710616781656,0.570939295198763,0.8209051475940258
1759286912,384239825,map,8.709502900669138,1.5846458234958352,0.0075637164320672134,-0.01044531882134771,-0.00582710616781656,0.570939295198763,0.8209051475940258
1759286912,384239825,map,8.709502900669138,1.5846458234958352,0.0075637164320672134,-0.01044531882134771,-0.00582710616781656,0.570939295198763,0.8209051475940258
1759286912,434139038,map,8.713910898013838,1.5885386909780976,0.008210587469415859,-0.010951217065121494,-0.00232003223215125,0.5660717033238609,0.8242799979322908
1759286912,434139038,map,8.713910898013838,1.5885386909780976,0.008210587469415859,-0.010951217065121494,-0.00232003223215125,0.5660717033238609,0.8242799979322908
1759286912,490123960,map,8.7187031044675,1.5959830054386615,0.010824654089783114,-0.005657875132669202,-0.0043549716578892405,0.561820121327448,0.8272286104472292
1759286912,490123960,map,8.7187031044675,1.5959830054386615,0.010824654089783114,-0.005657875132669202,-0.0043549716578892405,0.561820121327448,0.8272286104472292
1759286912,490123960,map,8.7187031044675,1.5959830054386615,0.010824654089783114,-0.005657875132669202,-0.0043549716578892405,0.561820121327448,0.8272286104472292
1759286912,544181216,map,8.722211348245947,1.603251868585133,0.010447758419273645,-7.907038069225443e-05,-0.004030183393907657,0.5593101752589514,0.8289486589780379
1759286912,544181216,map,8.722211348245947,1.603251868585133,0.010447758419273645,-7.907038069225443e-05,-0.004030183393907657,0.5593101752589514,0.8289486589780379
1759286912,544181216,map,8.722211348245947,1.603251868585133,0.010447758419273645,-7.907038069225443e-05,-0.004030183393907657,0.5593101752589514,0.8289486589780379
1759286912,596136554,map,8.724301446543993,1.6094902436567473,0.010837082590640035,0.0025997438270125264,-0.0023668028295496003,0.5587786128535229,0.8293094123389007
1759286912,596136554,map,8.724301446543993,1.6094902436567473,0.010837082590640035,0.0025997438270125264,-0.0023668028295496003,0.5587786128535229,0.8293094123389007
1759286912,644140559,map,8.72576104230772,1.6169814386146193,0.010652464253387617,0.003453280804196788,-0.0022615628037740833,0.5589333604590493,0.829202302668852
1759286912,644140559,map,8.72576104230772,1.6169814386146193,0.010652464253387617,0.003453280804196788,-0.0022615628037740833,0.5589333604590493,0.829202302668852
1759286912,644140559,map,8.72576104230772,1.6169814386146193,0.010652464253387617,0.003453280804196788,-0.0022615628037740833,0.5589333604590493,0.829202302668852
1759286912,698143398,map,8.72854889610695,1.6246529435634667,0.012222329871202364,0.002630292376246635,-0.0007083176025611818,0.5551932212265107,0.8317169392000623
1759286912,698143398,map,8.72854889610695,1.6246529435634667,0.012222329871202364,0.002630292376246635,-0.0007083176025611818,0.5551932212265107,0.8317169392000623
1759286912,698143398,map,8.72854889610695,1.6246529435634667,0.012222329871202364,0.002630292376246635,-0.0007083176025611818,0.5551932212265107,0.8317169392000623
1759286912,754131987,map,8.732871917659498,1.6352802786162144,0.010213166562515502,0.0003970204094987452,-0.0035615688325853585,0.5503911708939488,0.8348992254183933
1759286912,754131987,map,8.732871917659498,1.6352802786162144,0.010213166562515502,0.0003970204094987452,-0.0035615688325853585,0.5503911708939488,0.8348992254183933
1759286912,808140617,map,8.737045922295234,1.6423888311703791,0.009642591804152362,-0.0017353337590146013,-0.004038417689924293,0.5427697910231416,0.8398700100325059
1759286912,808140617,map,8.737045922295234,1.6423888311703791,0.009642591804152362,-0.0017353337590146013,-0.004038417689924293,0.5427697910231416,0.8398700100325059
1759286912,808140617,map,8.737045922295234,1.6423888311703791,0.009642591804152362,-0.0017353337590146013,-0.004038417689924293,0.5427697910231416,0.8398700100325059
1759286912,860136914,map,8.742048526384064,1.6488428965569017,0.008686682510322064,-0.004261813713660855,-0.0028427858615218526,0.5356273078191391,0.8444389513936674
1759286912,860136914,map,8.742048526384064,1.6488428965569017,0.008686682510322064,-0.004261813713660855,-0.0028427858615218526,0.5356273078191391,0.8444389513936674
1759286912,910154419,map,8.7481177419407,1.6555852780685587,0.008721297316890586,-0.004840620839787443,-0.0002939130534784051,0.5315510723071077,0.8470123609099022
1759286912,910154419,map,8.7481177419407,1.6555852780685587,0.008721297316890586,-0.004840620839787443,-0.0002939130534784051,0.5315510723071077,0.8470123609099022
1759286912,910154419,map,8.7481177419407,1.6555852780685587,0.008721297316890586,-0.004840620839787443,-0.0002939130534784051,0.5315510723071077,0.8470123609099022
1759286912,964135716,map,8.7567709180551,1.6662308453805892,0.012800810876632318,-0.0015978378493723803,5.261603709244817e-06,0.5299946199865894,0.8479994986270885
1759286912,964135716,map,8.7567709180551,1.6662308453805892,0.012800810876632318,-0.0015978378493723803,5.261603709244817e-06,0.5299946199865894,0.8479994986270885
1759286912,964135716,map,8.7567709180551,1.6662308453805892,0.012800810876632318,-0.0015978378493723803,5.261603709244817e-06,0.5299946199865894,0.8479994986270885
1759286913,18138388,map,8.76048123288603,1.6767074832379674,0.011922433220705936,0.003364680642276373,-9.45572521130022e-05,0.5301840928616086,0.8478758739695421
1759286913,18138388,map,8.76048123288603,1.6767074832379674,0.011922433220705936,0.003364680642276373,-9.45572521130022e-05,0.5301840928616086,0.8478758739695421
1759286913,70145519,map,8.763505027178473,1.6871818001694834,0.01134981599509205,0.005789833359541714,0.0012565718428483913,0.5329145061191464,0.8461483487099994
1759286913,70145519,map,8.763505027178473,1.6871818001694834,0.01134981599509205,0.005789833359541714,0.0012565718428483913,0.5329145061191464,0.8461483487099994
1759286913,70145519,map,8.763505027178473,1.6871818001694834,0.01134981599509205,0.005789833359541714,0.0012565718428483913,0.5329145061191464,0.8461483487099994
1759286913,124132441,map,8.765972590528406,1.6996387168028129,0.01012261522870092,0.005888615166919353,0.0028227077969117747,0.5368456279384668,0.8436552188515534
1759286913,124132441,map,8.765972590528406,1.6996387168028129,0.01012261522870092,0.005888615166919353,0.0028227077969117747,0.5368456279384668,0.8436552188515534
1759286913,124132441,map,8.765972590528406,1.6996387168028129,0.01012261522870092,0.005888615166919353,0.0028227077969117747,0.5368456279384668,0.8436552188515534
1759286913,176128779,map,8.76917642407206,1.7104537297252076,0.010979988704754445,0.004048517027121804,0.003839247256347156,0.5359740240995681,0.8442160358468094
1759286913,176128779,map,8.76917642407206,1.7104537297252076,0.010979988704754445,0.004048517027121804,0.003839247256347156,0.5359740240995681,0.8442160358468094
1759286913,230205743,map,8.774066806180578,1.7237762419487108,0.009216500123478938,0.00025058434912440624,-0.0010549478107809496,0.5352961576443457,0.8446637484252537
1759286913,230205743,map,8.774066806180578,1.7237762419487108,0.009216500123478938,0.00025058434912440624,-0.0010549478107809496,0.5352961576443457,0.8446637484252537
1759286913,230205743,map,8.774066806180578,1.7237762419487108,0.009216500123478938,0.00025058434912440624,-0.0010549478107809496,0.5352961576443457,0.8446637484252537
1759286913,282142248,map,8.77788874673773,1.7317736418395224,0.009020942862662279,-0.002463346272850503,-0.003916480137430413,0.5321170853908763,0.8466581367609904
1759286913,282142248,map,8.77788874673773,1.7317736418395224,0.009020942862662279,-0.002463346272850503,-0.003916480137430413,0.5321170853908763,0.8466581367609904
1759286913,332175462,map,8.783703840082236,1.7412941789104348,0.008719168629155699,-0.005454884903433063,-0.004044065866069153,0.5286589742018608,0.8488071505105252
1759286913,332175462,map,8.783703840082236,1.7412941789104348,0.008719168629155699,-0.005454884903433063,-0.004044065866069153,0.5286589742018608,0.8488071505105252
1759286913,332175462,map,8.783703840082236,1.7412941789104348,0.008719168629155699,-0.005454884903433063,-0.004044065866069153,0.5286589742018608,0.8488071505105252
1759286913,384128634,map,8.790522258639175,1.750627401797182,0.008573798788234749,-0.006438478587863591,-0.0016287102266399256,0.5272816937952021,0.8496645859896328
1759286913,384128634,map,8.790522258639175,1.750627401797182,0.008573798788234749,-0.006438478587863591,-0.0016287102266399256,0.5272816937952021,0.8496645859896328
1759286913,384128634,map,8.790522258639175,1.750627401797182,0.008573798788234749,-0.006438478587863591,-0.0016287102266399256,0.5272816937952021,0.8496645859896328
1759286913,438142264,map,8.796695746625408,1.7616472867408142,0.012946496754426773,-0.003702926619992992,-0.0008752693758194098,0.5291711242805383,0.8485065960059697
1759286913,438142264,map,8.796695746625408,1.7616472867408142,0.012946496754426773,-0.003702926619992992,-0.0008752693758194098,0.5291711242805383,0.8485065960059697
1759286913,490123394,map,8.802564879365072,1.7740043156951195,0.01231379660904569,0.0010337057809484027,0.0002640002404819646,0.53209084325665,0.8466865986176105
1759286913,490123394,map,8.802564879365072,1.7740043156951195,0.01231379660904569,0.0010337057809484027,0.0002640002404819646,0.53209084325665,0.8466865986176105
1759286913,490123394,map,8.802564879365072,1.7740043156951195,0.01231379660904569,0.0010337057809484027,0.0002640002404819646,0.53209084325665,0.8466865986176105
1759286913,544139316,map,8.806536237459483,1.784716372240947,0.01209684864076066,0.004741485982030729,0.0028845656524619056,0.5373302065741858,0.843353690152964
1759286913,544139316,map,8.806536237459483,1.784716372240947,0.01209684864076066,0.004741485982030729,0.0028845656524619056,0.5373302065741858,0.843353690152964
1759286913,544139316,map,8.806536237459483,1.784716372240947,0.01209684864076066,0.004741485982030729,0.0028845656524619056,0.5373302065741858,0.843353690152964
1759286913,598136238,map,8.810229915916462,1.798275630733876,0.01066723962993682,0.005672166538236057,0.005608972188969557,0.5427403444730388,0.8398626580810895
1759286913,598136238,map,8.810229915916462,1.798275630733876,0.01066723962993682,0.005672166538236057,0.005608972188969557,0.5427403444730388,0.8398626580810895
1759286913,652184869,map,8.814834644744614,1.8101929852360215,0.011944878914156298,0.005202844030148726,0.007996200106355981,0.5435502665933912,0.8393224046122625
1759286913,652184869,map,8.814834644744614,1.8101929852360215,0.011944878914156298,0.005202844030148726,0.007996200106355981,0.5435502665933912,0.8393224046122625
1759286913,652184869,map,8.814834644744614,1.8101929852360215,0.011944878914156298,0.005202844030148726,0.007996200106355981,0.5435502665933912,0.8393224046122625
1759286913,704136082,map,8.820510335114765,1.8239168205956702,0.01084749343755173,0.0023317172155783886,0.004049015202623086,0.5440261672641357,0.8390552412699716
1759286913,704136082,map,8.820510335114765,1.8239168205956702,0.01084749343755173,0.0023317172155783886,0.004049015202623086,0.5440261672641357,0.8390552412699716
1759286913,704136082,map,8.820510335114765,1.8239168205956702,0.01084749343755173,0.0023317172155783886,0.004049015202623086,0.5440261672641357,0.8390552412699716
1759286913,758143004,map,8.826022493285395,1.8336778091397417,0.01074106198258623,-0.0008351846619620589,0.0016797039869064646,0.5421842118717318,0.8402575566206625
1759286913,758143004,map,8.826022493285395,1.8336778091397417,0.01074106198258623,-0.0008351846619620589,0.0016797039869064646,0.5421842118717318,0.8402575566206625
1759286913,810146426,map,8.833337809778476,1.8440444170769403,0.010398382985098403,-0.004119951201478698,0.002530545521010388,0.5401612787408789,0.8415476310289762
1759286913,810146426,map,8.833337809778476,1.8440444170769403,0.010398382985098403,-0.004119951201478698,0.002530545521010388,0.5401612787408789,0.8415476310289762
1759286913,810146426,map,8.833337809778476,1.8440444170769403,0.010398382985098403,-0.004119951201478698,0.002530545521010388,0.5401612787408789,0.8415476310289762
1759286913,862222848,map,8.841496079550408,1.8545769401896912,0.009842483622064746,-0.005605981847822756,0.004004093872577148,0.5394235306848698,0.8420064101556775
1759286913,862222848,map,8.841496079550408,1.8545769401896912,0.009842483622064746,-0.005605981847822756,0.004004093872577148,0.5394235306848698,0.8420064101556775
1759286913,862222848,map,8.841496079550408,1.8545769401896912,0.009842483622064746,-0.005605981847822756,0.004004093872577148,0.5394235306848698,0.8420064101556775
1759286913,916137812,map,8.849548053448608,1.8660698409512229,0.01408512644041518,-0.002392684516106508,0.006238895675230755,0.542229989725793,0.8402035405088022
1759286913,916137812,map,8.849548053448608,1.8660698409512229,0.01408512644041518,-0.002392684516106508,0.006238895675230755,0.542229989725793,0.8402035405088022
1759286913,966141609,map,8.854996606228596,1.8780131962373119,0.013518341771952214,0.002221599658792703,0.006429288419859118,0.5441341846695082,0.8389706298908323
1759286913,966141609,map,8.854996606228596,1.8780131962373119,0.013518341771952214,0.002221599658792703,0.006429288419859118,0.5441341846695082,0.8389706298908323
1759286913,966141609,map,8.854996606228596,1.8780131962373119,0.013518341771952214,0.002221599658792703,0.006429288419859118,0.5441341846695082,0.8389706298908323
1759286914,18139656,map,8.859244985393934,1.8900507276719107,0.013111364420218513,0.007041077723091103,0.008723414059043269,0.5477426186240621,0.8365717835395281
1759286914,18139656,map,8.859244985393934,1.8900507276719107,0.013111364420218513,0.007041077723091103,0.008723414059043269,0.5477426186240621,0.8365717835395281
1759286914,72123703,map,8.862251645432911,1.904615756804434,0.012260566325856398,0.007733028761204549,0.012598857777307211,0.5511210985913325,0.8342943148172401
1759286914,72123703,map,8.862251645432911,1.904615756804434,0.012260566325856398,0.007733028761204549,0.012598857777307211,0.5511210985913325,0.8342943148172401
1759286914,72123703,map,8.862251645432911,1.904615756804434,0.012260566325856398,0.007733028761204549,0.012598857777307211,0.5511210985913325,0.8342943148172401
1759286914,124129041,map,8.86351320142751,1.9164185205516873,0.01359782814640545,0.007644337468863468,0.01485668461326416,0.5502051729057357,0.8348623304082737
1759286914,124129041,map,8.86351320142751,1.9164185205516873,0.01359782814640545,0.007644337468863468,0.01485668461326416,0.5502051729057357,0.8348623304082737
1759286914,124129041,map,8.86351320142751,1.9164185205516873,0.01359782814640545,0.007644337468863468,0.01485668461326416,0.5502051729057357,0.8348623304082737
1759286914,178144005,map,8.866965229918627,1.9288790388350705,0.012881434816055692,0.00452142043305194,0.007972900662120613,0.5492619571253913,0.8355999593508154
1759286914,178144005,map,8.866965229918627,1.9288790388350705,0.012881434816055692,0.00452142043305194,0.007972900662120613,0.5492619571253913,0.8355999593508154
1759286914,230187094,map,8.871516429337744,1.9383498401596064,0.012546083584621365,-0.00040712152885313704,0.003568082153112254,0.5465902494593019,0.8373925018996932
1759286914,230187094,map,8.871516429337744,1.9383498401596064,0.012546083584621365,-0.00040712152885313704,0.003568082153112254,0.5465902494593019,0.8373925018996932
1759286914,230187094,map,8.871516429337744,1.9383498401596064,0.012546083584621365,-0.00040712152885313704,0.003568082153112254,0.5465902494593019,0.8373925018996932
1759286914,282138140,map,8.876822520172478,1.9470508967032973,0.012565776827658914,-0.00427711459110656,0.003285157840606021,0.5442310881657638,0.8389180154834234
1759286914,282138140,map,8.876822520172478,1.9470508967032973,0.012565776827658914,-0.00427711459110656,0.003285157840606021,0.5442310881657638,0.8389180154834234
1759286914,334124146,map,8.883368210921118,1.9563129683456761,0.011934469974983847,-0.005683333306971093,0.004057999203025647,0.5421576631456871,0.8402477614712209
1759286914,334124146,map,8.883368210921118,1.9563129683456761,0.011934469974983847,-0.005683333306971093,0.004057999203025647,0.5421576631456871,0.8402477614712209
1759286914,334124146,map,8.883368210921118,1.9563129683456761,0.011934469974983847,-0.005683333306971093,0.004057999203025647,0.5421576631456871,0.8402477614712209
1759286914,388127609,map,8.888667707304082,1.964855072414073,0.017232726231453888,-0.0032498796205721625,0.006754074883997026,0.54388949227998,0.839123376472339
1759286914,388127609,map,8.888667707304082,1.964855072414073,0.017232726231453888,-0.0032498796205721625,0.006754074883997026,0.54388949227998,0.839123376472339
1759286914,388127609,map,8.888667707304082,1.964855072414073,0.017232726231453888,-0.0032498796205721625,0.006754074883997026,0.54388949227998,0.839123376472339
1759286914,442215490,map,8.893277486483223,1.9751054990709296,0.016778693042615228,0.0025883876047648772,0.007100867666567798,0.5444193422617813,0.8387791471533128
1759286914,442215490,map,8.893277486483223,1.9751054990709296,0.016778693042615228,0.0025883876047648772,0.007100867666567798,0.5444193422617813,0.8387791471533128
1759286914,442215490,map,8.893277486483223,1.9751054990709296,0.016778693042615228,0.0025883876047648772,0.007100867666567798,0.5444193422617813,0.8387791471533128
1759286914,494122120,map,8.894917430914894,1.9839256065462578,0.016464383611226346,0.007041440589558401,0.009673106642476368,0.5471286782628034,0.8369629971179758
1759286914,494122120,map,8.894917430914894,1.9839256065462578,0.016464383611226346,0.007041440589558401,0.009673106642476368,0.5471286782628034,0.8369629971179758
1759286914,544136833,map,8.882954309032908,1.9760090897841405,0.009012835863728825,0.003229047899769637,0.00984065864824909,0.54954911210095,0.835397215745951
1759286914,544136833,map,8.882954309032908,1.9760090897841405,0.009012835863728825,0.003229047899769637,0.00984065864824909,0.54954911210095,0.835397215745951
1759286914,544136833,map,8.882954309032908,1.9760090897841405,0.009012835863728825,0.003229047899769637,0.00984065864824909,0.54954911210095,0.835397215745951
1759286914,596306130,map,8.875189688210378,1.9758810512371934,0.005905835638550891,-0.0027349665718241437,0.00965594229583689,0.5493567196685986,0.8355276639891628
1759286914,596306130,map,8.875189688210378,1.9758810512371934,0.005905835638550891,-0.0027349665718241437,0.00965594229583689,0.5493567196685986,0.8355276639891628
1759286914,650131969,map,8.876115788241504,1.9847092498016181,0.005192812603646256,-0.004198302843664976,0.002995100937546027,0.5487950315494363,0.835941036778468
1759286914,650131969,map,8.876115788241504,1.9847092498016181,0.005192812603646256,-0.004198302843664976,0.002995100937546027,0.5487950315494363,0.835941036778468
1759286914,650131969,map,8.876115788241504,1.9847092498016181,0.005192812603646256,-0.004198302843664976,0.002995100937546027,0.5487950315494363,0.835941036778468
1759286914,704119433,map,8.878024012689638,1.9929490214468935,0.004486807816256218,-0.007239377768211226,-0.0030947690877104654,0.5466830960118794,0.8373025775361552
1759286914,704119433,map,8.878024012689638,1.9929490214468935,0.004486807816256218,-0.007239377768211226,-0.0030947690877104654,0.5466830960118794,0.8373025775361552
1759286914,704119433,map,8.878024012689638,1.9929490214468935,0.004486807816256218,-0.007239377768211226,-0.0030947690877104654,0.5466830960118794,0.8373025775361552
1759286914,756183896,map,8.879577064120602,1.9976428596029567,0.0047910520901375195,-0.010152145808808839,-0.005397557839052062,0.5435153569874476,0.8393204733733464
1759286914,756183896,map,8.879577064120602,1.9976428596029567,0.0047910520901375195,-0.010152145808808839,-0.005397557839052062,0.5435153569874476,0.8393204733733464
1759286914,810139902,map,8.8828352168015,2.003230596715129,0.004111615094892093,-0.010136422370258661,-0.0045199929402921606,0.5403660276867339,0.8413568676414375
1759286914,810139902,map,8.8828352168015,2.003230596715129,0.004111615094892093,-0.010136422370258661,-0.0045199929402921606,0.5403660276867339,0.8413568676414375
1759286914,810139902,map,8.8828352168015,2.003230596715129,0.004111615094892093,-0.010136422370258661,-0.0045199929402921606,0.5403660276867339,0.8413568676414375
1759286914,862121324,map,8.88523874614685,2.007626760033279,0.009281857635249698,-0.011442044976337981,0.0035789696865015344,0.5424670960616498,0.8399915001196044
1759286914,862121324,map,8.88523874614685,2.007626760033279,0.009281857635249698,-0.011442044976337981,0.0035789696865015344,0.5424670960616498,0.8399915001196044
1759286914,862121324,map,8.88523874614685,2.007626760033279,0.009281857635249698,-0.011442044976337981,0.0035789696865015344,0.5424670960616498,0.8399915001196044
1759286914,916136329,map,8.886447189016,2.0097187973324893,0.01465620578528453,-0.011842784358512763,0.006759398545118227,0.5432390103847751,0.8394673529007047
1759286914,916136329,map,8.886447189016,2.0097187973324893,0.01465620578528453,-0.011842784358512763,0.006759398545118227,0.5432390103847751,0.8394673529007047
1759286914,966132543,map,8.887347993881201,2.0106728779385072,0.01699476299932442,-0.01160610453609825,0.006020140386385603,0.5427974403783105,0.8397618680113904
1759286914,966132543,map,8.887347993881201,2.0106728779385072,0.01699476299932442,-0.01160610453609825,0.006020140386385603,0.5427974403783105,0.8397618680113904
1759286914,966132543,map,8.887347993881201,2.0106728779385072,0.01699476299932442,-0.01160610453609825,0.006020140386385603,0.5427974403783105,0.8397618680113904
1759286915,20135840,map,8.887434189414542,2.010730200011542,0.01761307566521244,-0.010770546760553019,0.005096444267361077,0.5426604110681494,0.8398676680511374
1759286915,20135840,map,8.887434189414542,2.010730200011542,0.01761307566521244,-0.010770546760553019,0.005096444267361077,0.5426604110681494,0.8398676680511374
1759286915,72362470,map,8.88687718006997,2.0094879408388664,0.01760592911196334,-0.01079445190802423,0.005064432681120042,0.5425308359238883,0.8399512625154811
1759286915,72362470,map,8.88687718006997,2.0094879408388664,0.01760592911196334,-0.01079445190802423,0.005064432681120042,0.5425308359238883,0.8399512625154811
1759286915,72362470,map,8.88687718006997,2.0094879408388664,0.01760592911196334,-0.01079445190802423,0.005064432681120042,0.5425308359238883,0.8399512625154811
1759286915,126131017,map,8.8859426752209,2.007834694447924,0.017666861003918434,-0.011016514103057101,0.004376579619783111,0.542008870561089,0.8402891563033177
1759286915,126131017,map,8.8859426752209,2.007834694447924,0.017666861003918434,-0.011016514103057101,0.004376579619783111,0.542008870561089,0.8402891563033177
1759286915,126131017,map,8.8859426752209,2.007834694447924,0.017666861003918434,-0.011016514103057101,0.004376579619783111,0.542008870561089,0.8402891563033177
1759286915,176134480,map,8.884607254006289,2.005612242613264,0.017743516884105366,-0.010671942946192111,0.002996291588454337,0.5414374979632844,0.8406679294880521
1759286915,176134480,map,8.884607254006289,2.005612242613264,0.017743516884105366,-0.010671942946192111,0.002996291588454337,0.5414374979632844,0.8406679294880521
1759286915,226151110,map,8.883156419036872,2.003299649891092,0.01771145921414361,-0.010899411403398543,0.0017577365571496207,0.5413885934608698,0.8407000083642894
1759286915,226151110,map,8.883156419036872,2.003299649891092,0.01771145921414361,-0.010899411403398543,0.0017577365571496207,0.5413885934608698,0.8407000083642894
1759286915,226151110,map,8.883156419036872,2.003299649891092,0.01771145921414361,-0.010899411403398543,0.0017577365571496207,0.5413885934608698,0.8407000083642894
1759286915,280135824,map,8.882036913883473,2.0016202226961024,0.017837233688529124,-0.010968306849537047,0.0004722061398087788,0.5417686625163665,0.8404559414873829
1759286915,280135824,map,8.882036913883473,2.0016202226961024,0.017837233688529124,-0.010968306849537047,0.0004722061398087788,0.5417686625163665,0.8404559414873829
1759286915,333012121,map,8.880916319337492,2.0003697881754867,0.01840250131734624,-0.010861986655695946,-0.002175821792340674,0.5418759874320145,0.8403854456676406
1759286915,333012121,map,8.880916319337492,2.0003697881754867,0.01840250131734624,-0.010861986655695946,-0.002175821792340674,0.5418759874320145,0.8403854456676406
1759286915,333012121,map,8.880916319337492,2.0003697881754867,0.01840250131734624,-0.010861986655695946,-0.002175821792340674,0.5418759874320145,0.8403854456676406
1759286915,386150876,map,8.881439881541676,2.0011880189211713,0.018771427859560146,-0.0063188614320862785,-0.007625898298188053,0.541789944060129,0.8404555753760398
1759286915,386150876,map,8.881439881541676,2.0011880189211713,0.018771427859560146,-0.0063188614320862785,-0.007625898298188053,0.541789944060129,0.8404555753760398
1759286915,386150876,map,8.881439881541676,2.0011880189211713,0.018771427859560146,-0.0063188614320862785,-0.007625898298188053,0.541789944060129,0.8404555753760398
1759286915,438145715,map,8.882077831211094,2.00277666794147,0.017551496766670012,-0.0023822250709637344,-0.0060906421279468504,0.5453750772727755,0.8381666028731369
1759286915,438145715,map,8.882077831211094,2.00277666794147,0.017551496766670012,-0.0023822250709637344,-0.0060906421279468504,0.5453750772727755,0.8381666028731369
1759286915,492130595,map,8.883098138668354,2.0046560542468406,0.017324681233764856,-0.00011067446802094895,-0.005539787934042381,0.5515390445155244,0.8341306737410574
1759286915,492130595,map,8.883098138668354,2.0046560542468406,0.017324681233764856,-0.00011067446802094895,-0.005539787934042381,0.5515390445155244,0.8341306737410574
1759286915,492130595,map,8.883098138668354,2.0046560542468406,0.017324681233764856,-0.00011067446802094895,-0.005539787934042381,0.5515390445155244,0.8341306737410574
1759286915,542141725,map,8.885099952230103,2.006837765185546,0.016984916844954186,0.002013782453347417,-0.006562994844853219,0.5576598726284676,0.8300411665928975
1759286915,542141725,map,8.885099952230103,2.006837765185546,0.016984916844954186,0.002013782453347417,-0.006562994844853219,0.5576598726284676,0.8300411665928975
1759286915,542141725,map,8.885099952230103,2.006837765185546,0.016984916844954186,0.002013782453347417,-0.006562994844853219,0.5576598726284676,0.8300411665928975
1759286915,596130439,map,8.88808929549939,2.0094631438885973,0.017971576571126212,0.0037398837497168856,-0.0038973801637806195,0.561067515650581,0.8277524186488873
1759286915,596130439,map,8.88808929549939,2.0094631438885973,0.017971576571126212,0.0037398837497168856,-0.0038973801637806195,0.561067515650581,0.8277524186488873
1759286915,648142153,map,8.89166394861735,2.015164403421501,0.0161881732508306,0.005332077124025479,-0.004265958467417921,0.5626298767830736,0.8266807075908819
1759286915,648142153,map,8.89166394861735,2.015164403421501,0.0161881732508306,0.005332077124025479,-0.004265958467417921,0.5626298767830736,0.8266807075908819
1759286915,648142153,map,8.89166394861735,2.015164403421501,0.0161881732508306,0.005332077124025479,-0.004265958467417921,0.5626298767830736,0.8266807075908819
1759286915,702193491,map,8.897287323111001,2.0230714221005286,0.015020806492623724,0.004678420155318193,-0.001126233682397237,0.5607066249895069,0.8280005583786882
1759286915,702193491,map,8.897287323111001,2.0230714221005286,0.015020806492623724,0.004678420155318193,-0.001126233682397237,0.5607066249895069,0.8280005583786882
1759286915,754128788,map,8.90411277826917,2.032324923644225,0.014232360348879557,0.003315774362280477,0.001040759594872774,0.5569925781793081,0.830510198801322
1759286915,754128788,map,8.90411277826917,2.032324923644225,0.014232360348879557,0.003315774362280477,0.001040759594872774,0.5569925781793081,0.830510198801322
1759286915,754128788,map,8.90411277826917,2.032324923644225,0.014232360348879557,0.003315774362280477,0.001040759594872774,0.5569925781793081,0.830510198801322
1759286915,806140127,map,8.911324699354589,2.0423224706604266,0.012308155831258251,0.0027481564908536055,-0.0014148945331239587,0.554130446937586,0.8324241067425385
1759286915,806140127,map,8.911324699354589,2.0423224706604266,0.012308155831258251,0.0027481564908536055,-0.0014148945331239587,0.554130446937586,0.8324241067425385
1759286915,806140127,map,8.911324699354589,2.0423224706604266,0.012308155831258251,0.0027481564908536055,-0.0014148945331239587,0.554130446937586,0.8324241067425385
1759286915,860143466,map,8.91926676096289,2.05593684364859,0.015026277079322713,0.003179070747559237,0.0029124499538518522,0.5554038327033806,0.8315695964637257
1759286915,860143466,map,8.91926676096289,2.05593684364859,0.015026277079322713,0.003179070747559237,0.0029124499538518522,0.5554038327033806,0.8315695964637257
1759286915,912167846,map,8.925454065988452,2.0714114872921368,0.014079269280207092,0.005490893750998796,0.0034910787597162637,0.5571970322950316,0.8303548215410796
1759286915,912167846,map,8.925454065988452,2.0714114872921368,0.014079269280207092,0.005490893750998796,0.0034910787597162637,0.5571970322950316,0.8303548215410796
1759286915,912167846,map,8.925454065988452,2.0714114872921368,0.014079269280207092,0.005490893750998796,0.0034910787597162637,0.5571970322950316,0.8303548215410796
1759286915,964134018,map,8.931202915224086,2.087099817543889,0.013208963999253434,0.0077321355756145285,0.00494619945763014,0.5605622761966897,0.8280614009211829
1759286915,964134018,map,8.931202915224086,2.087099817543889,0.013208963999253434,0.0077321355756145285,0.00494619945763014,0.5605622761966897,0.8280614009211829
1759286916,14147064,map,8.935596727394586,2.1049054186222236,0.010941238475972032,0.006346571467447561,0.008310434200427095,0.5638788004331371,0.8257913514539221
1759286916,14147064,map,8.935596727394586,2.1049054186222236,0.010941238475972032,0.006346571467447561,0.008310434200427095,0.5638788004331371,0.8257913514539221
1759286916,14147064,map,8.935596727394586,2.1049054186222236,0.010941238475972032,0.006346571467447561,0.008310434200427095,0.5638788004331371,0.8257913514539221
1759286916,66137070,map,8.9405663682545,2.123634932469294,0.01019576872664582,0.002731299383658207,0.010861262956214552,0.5634695529361137,0.8260609153595448
1759286916,66137070,map,8.9405663682545,2.123634932469294,0.01019576872664582,0.002731299383658207,0.010861262956214552,0.5634695529361137,0.8260609153595448
1759286916,66137070,map,8.9405663682545,2.123634932469294,0.01019576872664582,0.002731299383658207,0.010861262956214552,0.5634695529361137,0.8260609153595448
1759286916,120137117,map,8.947430701448239,2.1436992718196493,0.009109634332658843,-0.0006747866255301972,0.006933254545142362,0.5613824119492934,0.8275271972560274
1759286916,120137117,map,8.947430701448239,2.1436992718196493,0.009109634332658843,-0.0006747866255301972,0.006933254545142362,0.5613824119492934,0.8275271972560274
1759286916,170134914,map,8.954509033064175,2.1605478834581575,0.008525431780335657,-0.005268063312122981,0.004290052761198265,0.5589957361602929,0.8291426957471542
1759286916,170134914,map,8.954509033064175,2.1605478834581575,0.008525431780335657,-0.005268063312122981,0.004290052761198265,0.5589957361602929,0.8291426957471542
1759286916,170134914,map,8.954509033064175,2.1605478834581575,0.008525431780335657,-0.005268063312122981,0.004290052761198265,0.5589957361602929,0.8291426957471542
1759286916,224128544,map,8.963979498280125,2.1795568161158183,0.007335041531026751,-0.010505339982316723,0.004043803858832191,0.5570923122049214,0.8303742777593618
1759286916,224128544,map,8.963979498280125,2.1795568161158183,0.007335041531026751,-0.010505339982316723,0.004043803858832191,0.5570923122049214,0.8303742777593618
1759286916,224128544,map,8.963979498280125,2.1795568161158183,0.007335041531026751,-0.010505339982316723,0.004043803858832191,0.5570923122049214,0.8303742777593618
1759286916,278161299,map,8.974398133305025,2.1976969748028647,0.004195898608666648,-0.013939576535497699,0.003974708417781651,0.5567563401085069,0.8305493770077642
1759286916,278161299,map,8.974398133305025,2.1976969748028647,0.004195898608666648,-0.013939576535497699,0.003974708417781651,0.5567563401085069,0.8305493770077642
1759286916,332128388,map,8.98405343404025,2.2159955405859417,0.008578527086197746,-0.011851559174330836,0.008808621723022084,0.5614514018462404,0.8273779499680721
1759286916,332128388,map,8.98405343404025,2.2159955405859417,0.008578527086197746,-0.011851559174330836,0.008808621723022084,0.5614514018462404,0.8273779499680721
1759286916,332128388,map,8.98405343404025,2.2159955405859417,0.008578527086197746,-0.011851559174330836,0.008808621723022084,0.5614514018462404,0.8273779499680721
1759286916,384202268,map,8.990982026590597,2.2341922545715267,0.008959345897497265,-0.005068670441104609,0.011177791622271576,0.5638664540955413,0.8257747801308353
1759286916,384202268,map,8.990982026590597,2.2341922545715267,0.008959345897497265,-0.005068670441104609,0.011177791622271576,0.5638664540955413,0.8257747801308353
1759286916,384202268,map,8.990982026590597,2.2341922545715267,0.008959345897497265,-0.005068670441104609,0.011177791622271576,0.5638664540955413,0.8257747801308353
1759286916,436131482,map,8.995085389752692,2.252838533229207,0.008379506721119492,-0.0024462064832837267,0.01622983817249771,0.5652393413689684,0.8247636603267087
1759286916,436131482,map,8.995085389752692,2.252838533229207,0.008379506721119492,-0.0024462064832837267,0.01622983817249771,0.5652393413689684,0.8247636603267087
1759286916,490140571,map,8.996844664847963,2.2720215925821527,0.006702771095173164,-0.0033905177334045385,0.02141929478570938,0.5651501659851924,0.8247029817378447
1759286916,490140571,map,8.996844664847963,2.2720215925821527,0.006702771095173164,-0.0033905177334045385,0.02141929478570938,0.5651501659851924,0.8247029817378447
1759286916,490140571,map,8.996844664847963,2.2720215925821527,0.006702771095173164,-0.0033905177334045385,0.02141929478570938,0.5651501659851924,0.8247029817378447
1759286916,544138868,map,8.996327884255434,2.289050537169347,0.006728545323506897,-0.0036805118695713507,0.021016949509599113,0.5615102469350393,0.8271946471373229
1759286916,544138868,map,8.996327884255434,2.289050537169347,0.006728545323506897,-0.0036805118695713507,0.021016949509599113,0.5615102469350393,0.8271946471373229
1759286916,544138868,map,8.996327884255434,2.289050537169347,0.006728545323506897,-0.0036805118695713507,0.021016949509599113,0.5615102469350393,0.8271946471373229
1759286916,598131040,map,8.997154600987255,2.3019600664032343,0.007025956275163746,-0.007663892444509754,0.00940536883150798,0.5569386312370573,0.8304650292610372
1759286916,598131040,map,8.997154600987255,2.3019600664032343,0.007025956275163746,-0.007663892444509754,0.00940536883150798,0.5569386312370573,0.8304650292610372
1759286916,648145170,map,9.000273444757816,2.3132156368662837,0.006106538552135395,-0.014900406863475279,0.0017923741573240778,0.5542510289393835,0.8322142525755118
1759286916,648145170,map,9.000273444757816,2.3132156368662837,0.006106538552135395,-0.014900406863475279,0.0017923741573240778,0.5542510289393835,0.8322142525755118
1759286916,648145170,map,9.000273444757816,2.3132156368662837,0.006106538552135395,-0.014900406863475279,0.0017923741573240778,0.5542510289393835,0.8322142525755118
1759286916,704139467,map,8.995418435548721,2.3088423969624188,-0.006372342310549561,-0.0241813903501024,0.00012009548952308645,0.5583804414453148,0.8292324936645601
1759286916,704139467,map,8.995418435548721,2.3088423969624188,-0.006372342310549561,-0.0241813903501024,0.00012009548952308645,0.5583804414453148,0.8292324936645601
1759286916,704139467,map,8.995418435548721,2.3088423969624188,-0.006372342310549561,-0.0241813903501024,0.00012009548952308645,0.5583804414453148,0.8292324936645601
1759286916,758149556,map,8.997470015505858,2.3131646326989976,-0.010887206094500945,-0.025044898092644718,0.0022942115415581434,0.5589856136219848,0.8287958575165447
1759286916,758149556,map,8.997470015505858,2.3131646326989976,-0.010887206094500945,-0.025044898092644718,0.0022942115415581434,0.5589856136219848,0.8287958575165447
1759286916,808197853,map,9.000264350487168,2.3162689264436516,-0.005081290882336942,-0.022307264978965975,0.007072358057239591,0.5629394873060645,0.8261667515170613
1759286916,808197853,map,9.000264350487168,2.3162689264436516,-0.005081290882336942,-0.022307264978965975,0.007072358057239591,0.5629394873060645,0.8261667515170613
1759286916,808197853,map,9.000264350487168,2.3162689264436516,-0.005081290882336942,-0.022307264978965975,0.007072358057239591,0.5629394873060645,0.8261667515170613
1759286916,862138983,map,9.003498216613519,2.320552210156686,-0.00392026449479882,-0.010234855317977564,0.004908898425303976,0.5644590015528314,0.8253830541141797
1759286916,862138983,map,9.003498216613519,2.320552210156686,-0.00392026449479882,-0.010234855317977564,0.004908898425303976,0.5644590015528314,0.8253830541141797
1759286916,914139947,map,9.004187102095962,2.3239256138486333,-0.004285875138056283,-0.0018527884824070572,0.008256950211883647,0.566732743024996,0.8238582329086733
1759286916,914139947,map,9.004187102095962,2.3239256138486333,-0.004285875138056283,-0.0018527884824070572,0.008256950211883647,0.566732743024996,0.8238582329086733
1759286916,914139947,map,9.004187102095962,2.3239256138486333,-0.004285875138056283,-0.0018527884824070572,0.008256950211883647,0.566732743024996,0.8238582329086733
1759286916,968181702,map,9.00239416724877,2.326542571713855,-0.004163397353274645,-0.0007549840989273706,0.011904070903682775,0.569115157481988,0.8221713085599511
1759286916,968181702,map,9.00239416724877,2.326542571713855,-0.004163397353274645,-0.0007549840989273706,0.011904070903682775,0.569115157481988,0.8221713085599511
1759286916,968181702,map,9.00239416724877,2.326542571713855,-0.004163397353274645,-0.0007549840989273706,0.011904070903682775,0.569115157481988,0.8221713085599511
1759286917,18129124,map,8.998382671222831,2.3275109813898904,-0.0029048841948532134,-0.002059447795682857,0.013374758219628115,0.5695475055238766,0.8218470134209123
1759286917,18129124,map,8.998382671222831,2.3275109813898904,-0.0029048841948532134,-0.002059447795682857,0.013374758219628115,0.5695475055238766,0.8218470134209123
1759286917,68175045,map,8.996309543073648,2.3271676795288556,-0.0034356691777001624,-0.0017299428773435619,0.007286938949550587,0.5687261740736129,0.8224928247358618
1759286917,68175045,map,8.996309543073648,2.3271676795288556,-0.0034356691777001624,-0.0017299428773435619,0.007286938949550587,0.5687261740736129,0.8224928247358618
1759286917,68175045,map,8.996309543073648,2.3271676795288556,-0.0034356691777001624,-0.0017299428773435619,0.007286938949550587,0.5687261740736129,0.8224928247358618
1759286917,120137467,map,8.99594511983953,2.3273421296802503,-0.005421528840619527,-0.004573839511778003,0.0008316759727239935,0.5679559617907595,0.8230458151120934
1759286917,120137467,map,8.99594511983953,2.3273421296802503,-0.005421528840619527,-0.004573839511778003,0.0008316759727239935,0.5679559617907595,0.8230458151120934
1759286917,174221139,map,8.996089104765613,2.326664024546206,-0.005667106139360889,-0.007550365910026764,-0.0022337922141094898,0.5648969431265175,0.8251238972380359
1759286917,174221139,map,8.996089104765613,2.326664024546206,-0.005667106139360889,-0.007550365910026764,-0.0022337922141094898,0.5648969431265175,0.8251238972380359
1759286917,174221139,map,8.996089104765613,2.326664024546206,-0.005667106139360889,-0.007550365910026764,-0.0022337922141094898,0.5648969431265175,0.8251238972380359
1759286917,226136186,map,8.99694273450837,2.3247933913754757,-0.006314612853999868,-0.006323094915328253,-0.0013348299364347306,0.5622176711655709,0.8269640421015261
1759286917,226136186,map,8.99694273450837,2.3247933913754757,-0.006314612853999868,-0.006323094915328253,-0.0013348299364347306,0.5622176711655709,0.8269640421015261
1759286917,226136186,map,8.99694273450837,2.3247933913754757,-0.006314612853999868,-0.006323094915328253,-0.0013348299364347306,0.5622176711655709,0.8269640421015261
1759286917,282132692,map,8.99568101788584,2.322029313026567,-0.0014925750036413887,-0.00699929633158595,0.0015618095685039294,0.563712467525397,0.8259399642577919
1759286917,282132692,map,8.99568101788584,2.322029313026567,-0.0014925750036413887,-0.00699929633158595,0.0015618095685039294,0.563712467525397,0.8259399642577919
1759286917,282132692,map,8.99568101788584,2.322029313026567,-0.0014925750036413887,-0.00699929633158595,0.0015618095685039294,0.563712467525397,0.8259399642577919
1759286917,336160947,map,8.997070480779195,2.320041738152156,-0.000923952461044375,-0.0013030375860604302,-0.0017424687556602404,0.5644002075748272,0.8254984382693747
1759286917,336160947,map,8.997070480779195,2.320041738152156,-0.000923952461044375,-0.0013030375860604302,-0.0017424687556602404,0.5644002075748272,0.8254984382693747
1759286917,388128953,map,8.997031952276902,2.3172227013550337,0.00016939168139482041,0.004079182611279173,-0.0044211649084219306,0.566844162878241,0.8238030763361731
1759286917,388128953,map,8.997031952276902,2.3172227013550337,0.00016939168139482041,0.004079182611279173,-0.0044211649084219306,0.566844162878241,0.8238030763361731
1759286917,388128953,map,8.997031952276902,2.3172227013550337,0.00016939168139482041,0.004079182611279173,-0.0044211649084219306,0.566844162878241,0.8238030763361731
1759286917,442137166,map,8.996176332589872,2.3146045233416874,0.0022222361295680115,0.005175860294151081,-0.0058259897363802365,0.570612991308465,0.8211821250269716
1759286917,442137166,map,8.996176332589872,2.3146045233416874,0.0022222361295680115,0.005175860294151081,-0.0058259897363802365,0.570612991308465,0.8211821250269716
1759286917,442137166,map,8.996176332589872,2.3146045233416874,0.0022222361295680115,0.005175860294151081,-0.0058259897363802365,0.570612991308465,0.8211821250269716
1759286917,496234172,map,8.99368539706515,2.313267242771765,0.002711762726074628,0.0035467454088155214,-0.008680793925347588,0.5726711033988955,0.8197315851824438
1759286917,496234172,map,8.99368539706515,2.313267242771765,0.002711762726074628,0.0035467454088155214,-0.008680793925347588,0.5726711033988955,0.8197315851824438
1759286917,548133510,map,8.994624722560651,2.3113185043277085,0.009309275209272612,-0.0010195515400404126,-0.010988670019257766,0.5717906747873635,0.820325321974201
1759286917,548133510,map,8.994624722560651,2.3113185043277085,0.009309275209272612,-0.0010195515400404126,-0.010988670019257766,0.5717906747873635,0.820325321974201
1759286917,548133510,map,8.994624722560651,2.3113185043277085,0.009309275209272612,-0.0010195515400404126,-0.010988670019257766,0.5717906747873635,0.820325321974201
1759286917,602221349,map,8.995153956604808,2.3099827578677097,0.013051161986031568,-0.00483192836852105,-0.01498399279001719,0.571457544726639,0.8204805951412328
1759286917,602221349,map,8.995153956604808,2.3099827578677097,0.013051161986031568,-0.00483192836852105,-0.01498399279001719,0.571457544726639,0.8204805951412328
1759286917,602221349,map,8.995153956604808,2.3099827578677097,0.013051161986031568,-0.00483192836852105,-0.01498399279001719,0.571457544726639,0.8204805951412328
1759286917,656137979,map,8.994734100017652,2.3103296705092973,0.013303252171638497,-0.006099369617242665,-0.01606433590148291,0.5723821476381915,0.8198069357278018
1759286917,656137979,map,8.994734100017652,2.3103296705092973,0.013303252171638497,-0.006099369617242665,-0.01606433590148291,0.5723821476381915,0.8198069357278018
1759286917,708129985,map,8.994522064673104,2.310491663475311,0.013352443963637023,-0.0058704659353575744,-0.01575151420650624,0.5728649932465406,0.8194773498654768
1759286917,708129985,map,8.994522064673104,2.310491663475311,0.013352443963637023,-0.0058704659353575744,-0.01575151420650624,0.5728649932465406,0.8194773498654768
1759286917,708129985,map,8.994522064673104,2.310491663475311,0.013352443963637023,-0.0058704659353575744,-0.01575151420650624,0.5728649932465406,0.8194773498654768
1759286917,760138407,map,8.994587560335162,2.3105243475047264,0.013416552810863569,-0.005853590724502795,-0.01584574334914295,0.5728977804206433,0.8194527326712894
1759286917,760138407,map,8.994587560335162,2.3105243475047264,0.013416552810863569,-0.005853590724502795,-0.01584574334914295,0.5728977804206433,0.8194527326712894
1759286917,810144412,map,8.994877257355633,2.310395071064457,0.013398972360500916,-0.005415805659862968,-0.015454919753911153,0.5728593048374685,0.8194901044952203
1759286917,810144412,map,8.994877257355633,2.310395071064457,0.013398972360500916,-0.005415805659862968,-0.015454919753911153,0.5728593048374685,0.8194901044952203
1759286917,810144412,map,8.994877257355633,2.310395071064457,0.013398972360500916,-0.005415805659862968,-0.015454919753911153,0.5728593048374685,0.8194901044952203
1759286917,864157292,map,8.994979647661166,2.31026997559508,0.013430114782543828,-0.005297132020340349,-0.015557247722996381,0.5726166220425262,0.8196585365847483
1759286917,864157292,map,8.994979647661166,2.31026997559508,0.013430114782543828,-0.005297132020340349,-0.015557247722996381,0.5726166220425262,0.8196585365847483
1759286917,864157292,map,8.994979647661166,2.31026997559508,0.013430114782543828,-0.005297132020340349,-0.015557247722996381,0.5726166220425262,0.8196585365847483
1759286917,918132006,map,8.994859057945716,2.310216544910375,0.013439007734711558,-0.005309898840969225,-0.015570424727813472,0.5727562604108697,0.8195606341255357
1759286917,918132006,map,8.994859057945716,2.310216544910375,0.013439007734711558,-0.005309898840969225,-0.015570424727813472,0.5727562604108697,0.8195606341255357
1759286917,970144053,map,8.994751356625473,2.3102570765061134,0.01345464601524514,-0.005458455064391776,-0.015680821090594158,0.5727975457408709,0.8195286991383949
1759286917,970144053,map,8.994751356625473,2.3102570765061134,0.01345464601524514,-0.005458455064391776,-0.015680821090594158,0.5727975457408709,0.8195286991383949
1759286917,970144053,map,8.994751356625473,2.3102570765061134,0.01345464601524514,-0.005458455064391776,-0.015680821090594158,0.5727975457408709,0.8195286991383949
1759286918,22135391,map,8.994675342805575,2.3102615087032135,0.013449153306231199,-0.005660461126094062,-0.01571272937241317,0.5728524502383627,0.8194883401070533
1759286918,22135391,map,8.994675342805575,2.3102615087032135,0.013449153306231199,-0.005660461126094062,-0.01571272937241317,0.5728524502383627,0.8194883401070533
1759286918,74126646,map,8.994701097154387,2.310211998112729,0.01345283844257665,-0.005445892865973677,-0.015703970612823245,0.5728226380218302,0.8195108009828762
1759286918,74126646,map,8.994701097154387,2.310211998112729,0.01345283844257665,-0.005445892865973677,-0.015703970612823245,0.5728226380218302,0.8195108009828762
1759286918,74126646,map,8.994701097154387,2.310211998112729,0.01345283844257665,-0.005445892865973677,-0.015703970612823245,0.5728226380218302,0.8195108009828762
1759286918,128137610,map,8.99484511806248,2.310190930369684,0.013444167198221738,-0.00541147440689717,-0.015554185836984051,0.5727139966253524,0.8195898128436614
1759286918,128137610,map,8.99484511806248,2.310190930369684,0.013444167198221738,-0.00541147440689717,-0.015554185836984051,0.5727139966253524,0.8195898128436614
1759286918,128137610,map,8.99484511806248,2.310190930369684,0.013444167198221738,-0.00541147440689717,-0.015554185836984051,0.5727139966253524,0.8195898128436614
1759286918,182125782,map,8.994882158973672,2.310189469029151,0.013467014467648988,-0.005328296155452019,-0.015619294738689213,0.5728434975225944,0.8194986114924339
1759286918,182125782,map,8.994882158973672,2.310189469029151,0.013467014467648988,-0.005328296155452019,-0.015619294738689213,0.5728434975225944,0.8194986114924339
1759286918,234128079,map,8.994835712287825,2.3102199936609136,0.013439822818193198,-0.005363328197616917,-0.015530004461131237,0.5726980306265443,0.8196017443786705
1759286918,234128079,map,8.994835712287825,2.3102199936609136,0.013439822818193198,-0.005363328197616917,-0.015530004461131237,0.5726980306265443,0.8196017443786705
1759286918,234128079,map,8.994835712287825,2.3102199936609136,0.013439822818193198,-0.005363328197616917,-0.015530004461131237,0.5726980306265443,0.8196017443786705
1759286918,288149293,map,8.994796964559935,2.3102843809457028,0.013439409154553522,-0.005443512887392194,-0.015664947730731127,0.5728271398286614,0.8195084169523541
1759286918,288149293,map,8.994796964559935,2.3102843809457028,0.013439409154553522,-0.005443512887392194,-0.015664947730731127,0.5728271398286614,0.8195084169523541
1759286918,288149293,map,8.994796964559935,2.3102843809457028,0.013439409154553522,-0.005443512887392194,-0.015664947730731127,0.5728271398286614,0.8195084169523541
1759286918,340132840,map,8.994787948562744,2.3103097308797977,0.013433434642438472,-0.0054507659428104155,-0.015600241054211674,0.572806610044122,0.8195239527429619
1759286918,340132840,map,8.994787948562744,2.3103097308797977,0.013433434642438472,-0.0054507659428104155,-0.015600241054211674,0.572806610044122,0.8195239527429619
1759286918,340132840,map,8.994787948562744,2.3103097308797977,0.013433434642438472,-0.0054507659428104155,-0.015600241054211674,0.572806610044122,0.8195239527429619
1759286918,396134887,map,8.99490629455024,2.310351008639042,0.013450468471655319,-0.005324696158863339,-0.015509151984511655,0.5726540399126965,0.819633127922002
1759286918,396134887,map,8.99490629455024,2.310351008639042,0.013450468471655319,-0.005324696158863339,-0.015509151984511655,0.5726540399126965,0.819633127922002
1759286918,448131309,map,8.994905409335937,2.3103851774338118,0.013473877588640978,-0.005297292745256027,-0.015502332270933637,0.5728057678262111,0.8195274057215887
1759286918,448131309,map,8.994905409335937,2.3103851774338118,0.013473877588640978,-0.005297292745256027,-0.015502332270933637,0.5728057678262111,0.8195274057215887
1759286918,448131309,map,8.994905409335937,2.3103851774338118,0.013473877588640978,-0.005297292745256027,-0.015502332270933637,0.5728057678262111,0.8195274057215887
1759286918,502137773,map,8.994936974235317,2.3104471141421996,0.013467395522385184,-0.005341126211135196,-0.015457164877863768,0.5726701377377982,0.8196227557651791
1759286918,502137773,map,8.994936974235317,2.3104471141421996,0.013467395522385184,-0.005341126211135196,-0.015457164877863768,0.5726701377377982,0.8196227557651791
1759286918,502137773,map,8.994936974235317,2.3104471141421996,0.013467395522385184,-0.005341126211135196,-0.015457164877863768,0.5726701377377982,0.8196227557651791
1759286918,556124695,map,8.99485759561153,2.310554280097829,0.013472520329953747,-0.005469250001391652,-0.015478636949035545,0.5727267264849468,0.8195819640966113
1759286918,556124695,map,8.99485759561153,2.310554280097829,0.013472520329953747,-0.005469250001391652,-0.015478636949035545,0.5727267264849468,0.8195819640966113
1759286918,610136700,map,8.994876976649534,2.310541679034694,0.013474187988897171,-0.005403724586634365,-0.015471481399700436,0.5726691437766533,0.8196227698093832
1759286918,610136700,map,8.994876976649534,2.310541679034694,0.013474187988897171,-0.005403724586634365,-0.015471481399700436,0.5726691437766533,0.8196227698093832
1759286918,610136700,map,8.994876976649534,2.310541679034694,0.013474187988897171,-0.005403724586634365,-0.015471481399700436,0.5726691437766533,0.8196227698093832
1759286918,662119497,map,8.99493875516318,2.3105775715048793,0.013471281663080106,-0.005380337537211432,-0.015406747520361972,0.5725390976866146,0.8197149905418508
1759286918,662119497,map,8.99493875516318,2.3105775715048793,0.013471281663080106,-0.005380337537211432,-0.015406747520361972,0.5725390976866146,0.8197149905418508
1759286918,662119497,map,8.99493875516318,2.3105775715048793,0.013471281663080106,-0.005380337537211432,-0.015406747520361972,0.5725390976866146,0.8197149905418508
1759286918,714143544,map,8.994988265934763,2.310619446418327,0.013477827671127846,-0.00530529776464853,-0.015390660936355289,0.5726079698669573,0.8196676730336584
1759286918,714143544,map,8.994988265934763,2.310619446418327,0.013477827671127846,-0.00530529776464853,-0.015390660936355289,0.5726079698669573,0.8196676730336584
1759286918,770154716,map,8.995016970984953,2.310663411684981,0.01346127305445001,-0.005318000462748648,-0.015352291941020248,0.5724362082585535,0.8197882735669045
1759286918,770154716,map,8.995016970984953,2.310663411684981,0.01346127305445001,-0.005318000462748648,-0.015352291941020248,0.5724362082585535,0.8197882735669045
1759286918,770154716,map,8.995016970984953,2.310663411684981,0.01346127305445001,-0.005318000462748648,-0.015352291941020248,0.5724362082585535,0.8197882735669045
1759286918,824124930,map,8.995015640399275,2.310761710061902,0.013486813191943947,-0.005327973333907626,-0.015356623802450963,0.5724948788663016,0.8197471564314218
1759286918,824124930,map,8.995015640399275,2.310761710061902,0.013486813191943947,-0.005327973333907626,-0.015356623802450963,0.5724948788663016,0.8197471564314218
1759286918,824124930,map,8.995015640399275,2.310761710061902,0.013486813191943947,-0.005327973333907626,-0.015356623802450963,0.5724948788663016,0.8197471564314218
1759286918,876130602,map,8.995030522839318,2.310822699915377,0.013503754018964337,-0.005337196578684801,-0.015305729309625109,0.5724086636980067,0.8198082524020134
1759286918,876130602,map,8.995030522839318,2.310822699915377,0.013503754018964337,-0.005337196578684801,-0.015305729309625109,0.5724086636980067,0.8198082524020134
1759286918,930165066,map,8.994823015111484,2.3107288261477112,0.013501156728527378,-0.005358385923530538,-0.015306260080882388,0.5722693090515526,0.8199053872370211
1759286918,930165066,map,8.994823015111484,2.3107288261477112,0.013501156728527378,-0.005358385923530538,-0.015306260080882388,0.5722693090515526,0.8199053872370211
1759286918,930165066,map,8.994823015111484,2.3107288261477112,0.013501156728527378,-0.005358385923530538,-0.015306260080882388,0.5722693090515526,0.8199053872370211
1759286918,982135696,map,8.994864498738762,2.310801921827501,0.013519407961828336,-0.005292923170289592,-0.015240757259606096,0.5723311841413613,0.8198638423188416
1759286918,982135696,map,8.994864498738762,2.310801921827501,0.013519407961828336,-0.005292923170289592,-0.015240757259606096,0.5723311841413613,0.8198638423188416
1759286918,982135696,map,8.994864498738762,2.310801921827501,0.013519407961828336,-0.005292923170289592,-0.015240757259606096,0.5723311841413613,0.8198638423188416
1759286919,36126576,map,8.994898864365277,2.3109826431456497,0.013521651281342154,-0.005331536392134561,-0.015202029881037657,0.5721711309554095,0.819976017886135
1759286919,36126576,map,8.994898864365277,2.3109826431456497,0.013521651281342154,-0.005331536392134561,-0.015202029881037657,0.5721711309554095,0.819976017886135
1759286919,88128832,map,8.994870546668412,2.311133177047818,0.013544143979933934,-0.005369028398215042,-0.01521719307101664,0.5722843252531252,0.8198964944666332
