1759214308,409443495,map,13.3473553452968,11.945783417547926,0.0018938032338404742,-0.0048268066298295656,0.013828663121001521,0.9986028597160408,-0.05077202557500932
1759214308,461462084,map,13.347346322331891,11.945775713889578,0.0018961602660166887,-0.004807213749910696,0.013839810131730175,0.9985966342247166,-0.050893147540194646
1759214308,461462084,map,13.347346322331891,11.945775713889578,0.0018961602660166887,-0.004807213749910696,0.013839810131730175,0.9985966342247166,-0.050893147540194646
1759214308,461462084,map,13.347346322331891,11.945775713889578,0.0018961602660166887,-0.004807213749910696,0.013839810131730175,0.9985966342247166,-0.050893147540194646
1759214308,513432464,map,13.347295670518331,11.945812427227427,0.001873499927178529,-0.004913784068757367,0.013873837682093987,0.9986073822432651,-0.05066228857197462
1759214308,513432464,map,13.347295670518331,11.945812427227427,0.001873499927178529,-0.004913784068757367,0.013873837682093987,0.9986073822432651,-0.05066228857197462
1759214308,567441136,map,13.347314724191918,11.945762815265791,0.0018861549508344955,-0.004849344736828943,0.01377926365413446,0.9985972505684663,-0.05089348588840209
1759214308,567441136,map,13.347314724191918,11.945762815265791,0.0018861549508344955,-0.004849344736828943,0.01377926365413446,0.9985972505684663,-0.05089348588840209
1759214308,567441136,map,13.347314724191918,11.945762815265791,0.0018861549508344955,-0.004849344736828943,0.01377926365413446,0.9985972505684663,-0.05089348588840209
1759214308,619473891,map,13.347325747447318,11.945853479314648,0.0018836618143559802,-0.004841523908635261,0.013854978013480257,0.9986045567240167,-0.05073005539636625
1759214308,619473891,map,13.347325747447318,11.945853479314648,0.0018836618143559802,-0.004841523908635261,0.013854978013480257,0.9986045567240167,-0.05073005539636625
1759214308,673430772,map,13.347295477826117,11.945872656522464,0.00189631458784556,-0.004875595517210047,0.013843759866588038,0.998603716536813,-0.050746391004417996
1759214308,673430772,map,13.347295477826117,11.945872656522464,0.00189631458784556,-0.004875595517210047,0.013843759866588038,0.998603716536813,-0.050746391004417996
1759214308,673430772,map,13.347295477826117,11.945872656522464,0.00189631458784556,-0.004875595517210047,0.013843759866588038,0.998603716536813,-0.050746391004417996
1759214308,725446235,map,13.347345617111399,11.945846318467032,0.0018933156104047333,-0.004870762743268376,0.013838898421328516,0.9986005272905304,-0.05081089898690721
1759214308,725446235,map,13.347345617111399,11.945846318467032,0.0018933156104047333,-0.004870762743268376,0.013838898421328516,0.9986005272905304,-0.05081089898690721
1759214308,725446235,map,13.347345617111399,11.945846318467032,0.0018933156104047333,-0.004870762743268376,0.013838898421328516,0.9986005272905304,-0.05081089898690721
1759214308,779458366,map,13.347332737270847,11.945844869100124,0.0018879169464721124,-0.004917634446735712,0.013820038247564618,0.9986091640862119,-0.05064149304000872
1759214308,779458366,map,13.347332737270847,11.945844869100124,0.0018879169464721124,-0.004917634446735712,0.013820038247564618,0.9986091640862119,-0.05064149304000872
1759214308,833442079,map,13.34735009931452,11.945812244637173,0.0019007493381865415,-0.004858522737452763,0.013803021253196653,0.9985998349278143,-0.050835430983079445
1759214308,833442079,map,13.34735009931452,11.945812244637173,0.0019007493381865415,-0.004858522737452763,0.013803021253196653,0.9985998349278143,-0.050835430983079445
1759214308,833442079,map,13.34735009931452,11.945812244637173,0.0019007493381865415,-0.004858522737452763,0.013803021253196653,0.9985998349278143,-0.050835430983079445
1759214308,887509502,map,13.34733011464014,11.945865016671515,0.0018818176306688028,-0.0049425781635433685,0.01387585718832686,0.9986059844136962,-0.05068648144761324
1759214308,887509502,map,13.34733011464014,11.945865016671515,0.0018818176306688028,-0.0049425781635433685,0.01387585718832686,0.9986059844136962,-0.05068648144761324
1759214308,887509502,map,13.34733011464014,11.945865016671515,0.0018818176306688028,-0.0049425781635433685,0.01387585718832686,0.9986059844136962,-0.05068648144761324
1759214308,939458715,map,13.34735438624753,11.945807983915099,0.00188638990212453,-0.004935212281675303,0.013797421805303078,0.9986037466108628,-0.050752655950294594
1759214308,939458715,map,13.34735438624753,11.945807983915099,0.00188638990212453,-0.004935212281675303,0.013797421805303078,0.9986037466108628,-0.050752655950294594
1759214308,939458715,map,13.34735438624753,11.945807983915099,0.00188638990212453,-0.004935212281675303,0.013797421805303078,0.9986037466108628,-0.050752655950294594
1759214308,993433012,map,13.347386626856276,11.945833592133031,0.0018885890341251155,-0.004945116250547761,0.013851178907351066,0.9986036274611917,-0.05073939189125871
1759214308,993433012,map,13.347386626856276,11.945833592133031,0.0018885890341251155,-0.004945116250547761,0.013851178907351066,0.9986036274611917,-0.05073939189125871
1759214309,47431601,map,13.347427131868923,11.945914138372984,0.0018629540417019752,-0.004941393061039928,0.013896722319613648,0.9986086494429883,-0.05062834187526454
1759214309,47431601,map,13.347427131868923,11.945914138372984,0.0018629540417019752,-0.004941393061039928,0.013896722319613648,0.9986086494429883,-0.05062834187526454
1759214309,47431601,map,13.347427131868923,11.945914138372984,0.0018629540417019752,-0.004941393061039928,0.013896722319613648,0.9986086494429883,-0.05062834187526454
1759214309,97429106,map,13.34741470133728,11.945873198463138,0.0018697972940969754,-0.004911741599280792,0.013869083012420196,0.9985991175269988,-0.05082642821560303
1759214309,97429106,map,13.34741470133728,11.945873198463138,0.0018697972940969754,-0.004911741599280792,0.013869083012420196,0.9985991175269988,-0.05082642821560303
1759214309,151433528,map,13.347472730996044,11.94587556415323,0.0018680592613183333,-0.00491709179745806,0.013950304400818748,0.9986109423335576,-0.05057071353129264
1759214309,151433528,map,13.347472730996044,11.94587556415323,0.0018680592613183333,-0.00491709179745806,0.013950304400818748,0.9986109423335576,-0.05057071353129264
1759214309,151433528,map,13.347472730996044,11.94587556415323,0.0018680592613183333,-0.00491709179745806,0.013950304400818748,0.9986109423335576,-0.05057071353129264
1759214309,205446200,map,13.347518233595668,11.945860685194312,0.0018774174178728398,-0.004885809841044643,0.013881449202222345,0.998602978993673,-0.05074962635532593
1759214309,205446200,map,13.347518233595668,11.945860685194312,0.0018774174178728398,-0.004885809841044643,0.013881449202222345,0.998602978993673,-0.05074962635532593
1759214309,205446200,map,13.347518233595668,11.945860685194312,0.0018774174178728398,-0.004885809841044643,0.013881449202222345,0.998602978993673,-0.05074962635532593
1759214309,259435747,map,13.347496845052971,11.945895503648892,0.0018807610584875845,-0.004909175147713853,0.013929776245497174,0.998605431460349,-0.05068583225132736
1759214309,259435747,map,13.347496845052971,11.945895503648892,0.0018807610584875845,-0.004909175147713853,0.013929776245497174,0.998605431460349,-0.05068583225132736
1759214309,311696336,map,13.347492151421221,11.945889321966735,0.0018607644998327177,-0.004935436600100368,0.01388563553547834,0.9986075860245464,-0.05065293402726509
1759214309,311696336,map,13.347492151421221,11.945889321966735,0.0018607644998327177,-0.004935436600100368,0.01388563553547834,0.9986075860245464,-0.05065293402726509
1759214309,311696336,map,13.347492151421221,11.945889321966735,0.0018607644998327177,-0.004935436600100368,0.01388563553547834,0.9986075860245464,-0.05065293402726509
1759214309,365433508,map,13.347476090486595,11.945868235457283,0.0018698959292544615,-0.00491231541859503,0.01391758047921037,0.9986006938049072,-0.05078212720230249
1759214309,365433508,map,13.347476090486595,11.945868235457283,0.0018698959292544615,-0.00491231541859503,0.01391758047921037,0.9986006938049072,-0.05078212720230249
1759214309,365433508,map,13.347476090486595,11.945868235457283,0.0018698959292544615,-0.00491231541859503,0.01391758047921037,0.9986006938049072,-0.05078212720230249
1759214309,415432846,map,13.347503155534884,11.945880373316928,0.0018690989264026903,-0.004950517937318254,0.013956626956315072,0.9986115291766621,-0.050554116861073584
1759214309,415432846,map,13.347503155534884,11.945880373316928,0.0018690989264026903,-0.004950517937318254,0.013956626956315072,0.9986115291766621,-0.050554116861073584
1759214309,469566768,map,13.347481304267147,11.945897455223012,0.001883829103274448,-0.004897019833882478,0.013913590619787667,0.9986022648221254,-0.05075379675387036
1759214309,469566768,map,13.347481304267147,11.945897455223012,0.001883829103274448,-0.004897019833882478,0.013913590619787667,0.9986022648221254,-0.05075379675387036
1759214309,469566768,map,13.347481304267147,11.945897455223012,0.001883829103274448,-0.004897019833882478,0.013913590619787667,0.9986022648221254,-0.05075379675387036
1759214309,521502690,map,13.347476168034879,11.945943610203809,0.0018661376359441484,-0.00498532919673004,0.013976394121799615,0.9986076567461675,-0.05062168298348914
1759214309,521502690,map,13.347476168034879,11.945943610203809,0.0018661376359441484,-0.00498532919673004,0.013976394121799615,0.9986076567461675,-0.05062168298348914
1759214309,521502690,map,13.347476168034879,11.945943610203809,0.0018661376359441484,-0.00498532919673004,0.013976394121799615,0.9986076567461675,-0.05062168298348914
1759214309,575439737,map,13.347435557217162,11.945903450755237,0.0018796728843216703,-0.004993213603332133,0.013912484007830255,0.9986060373092182,-0.05067043374813228
1759214309,575439737,map,13.347435557217162,11.945903450755237,0.0018796728843216703,-0.004993213603332133,0.013912484007830255,0.9986060373092182,-0.05067043374813228
1759214309,627444784,map,13.347491038328819,11.945683492620429,0.0019106296995358707,-0.005012962537355451,0.01493896445634775,0.998584586272203,-0.05079883470262149
1759214309,627444784,map,13.347491038328819,11.945683492620429,0.0019106296995358707,-0.005012962537355451,0.01493896445634775,0.998584586272203,-0.05079883470262149
1759214309,627444784,map,13.347491038328819,11.945683492620429,0.0019106296995358707,-0.005012962537355451,0.01493896445634775,0.998584586272203,-0.05079883470262149
1759214309,677446956,map,13.34714647663615,11.944783153464535,0.0022818459322867524,-0.0035554596458904327,0.017435371162573265,0.9985650093346775,-0.05051028282998664
1759214309,677446956,map,13.34714647663615,11.944783153464535,0.0022818459322867524,-0.0035554596458904327,0.017435371162573265,0.9985650093346775,-0.05051028282998664
1759214309,727447961,map,13.344927645543917,11.943454134597491,0.0014588488054035342,-0.0014885321001979453,0.017385743555777364,0.9985164523901826,-0.05157920607496593
1759214309,727447961,map,13.344927645543917,11.943454134597491,0.0014588488054035342,-0.0014885321001979453,0.017385743555777364,0.9985164523901826,-0.05157920607496593
1759214309,727447961,map,13.344927645543917,11.943454134597491,0.0014588488054035342,-0.0014885321001979453,0.017385743555777364,0.9985164523901826,-0.05157920607496593
1759214309,779451300,map,13.34224246597811,11.941603550391008,0.001096851270507182,-0.002267848612683631,0.013606562320404985,0.9983564168786302,-0.05562538271107669
1759214309,779451300,map,13.34224246597811,11.941603550391008,0.001096851270507182,-0.002267848612683631,0.013606562320404985,0.9983564168786302,-0.05562538271107669
1759214309,779451300,map,13.34224246597811,11.941603550391008,0.001096851270507182,-0.002267848612683631,0.013606562320404985,0.9983564168786302,-0.05562538271107669
1759214309,835457430,map,13.338031548126535,11.93861732726981,0.0007975137355777651,-0.005249599724209744,0.005130192495482361,0.9980874434541953,-0.061380599921826616
1759214309,835457430,map,13.338031548126535,11.93861732726981,0.0007975137355777651,-0.005249599724209744,0.005130192495482361,0.9980874434541953,-0.061380599921826616
1759214309,887443477,map,13.333266850062712,11.9360139470821,0.0007396776196572641,-0.0039282479872335884,-0.004841557804762249,0.9978174360817366,-0.06573805927347917
1759214309,887443477,map,13.333266850062712,11.9360139470821,0.0007396776196572641,-0.0039282479872335884,-0.004841557804762249,0.9978174360817366,-0.06573805927347917
1759214309,887443477,map,13.333266850062712,11.9360139470821,0.0007396776196572641,-0.0039282479872335884,-0.004841557804762249,0.9978174360817366,-0.06573805927347917
1759214309,943691108,map,13.326675810043467,11.935745638469013,0.000275319655283518,-0.003922548556670751,-0.01625084530413206,0.997649559176395,-0.06645209338212466
1759214309,943691108,map,13.326675810043467,11.935745638469013,0.000275319655283518,-0.003922548556670751,-0.01625084530413206,0.997649559176395,-0.06645209338212466
1759214309,943691108,map,13.326675810043467,11.935745638469013,0.000275319655283518,-0.003922548556670751,-0.01625084530413206,0.997649559176395,-0.06645209338212466
1759214309,995447946,map,13.32093038010151,11.938770674559246,-0.0018743366460429178,-0.00195704256729678,-0.023657115156756562,0.997496198133986,-0.06661715691241582
1759214309,995447946,map,13.32093038010151,11.938770674559246,-0.0018743366460429178,-0.00195704256729678,-0.023657115156756562,0.997496198133986,-0.06661715691241582
1759214310,49766577,map,13.316192841804389,11.944603728066554,-0.003986573649074815,-0.0006750909350088368,-0.031793407916654776,0.9973538973975269,-0.06537527675840496
1759214310,49766577,map,13.316192841804389,11.944603728066554,-0.003986573649074815,-0.0006750909350088368,-0.031793407916654776,0.9973538973975269,-0.06537527675840496
1759214310,49766577,map,13.316192841804389,11.944603728066554,-0.003986573649074815,-0.0006750909350088368,-0.031793407916654776,0.9973538973975269,-0.06537527675840496
1759214310,101440249,map,13.312393399076093,11.95319540659753,-0.006195213379939696,-0.004016123001639336,-0.03709924765215638,0.9971377826620968,-0.06575529611671256
1759214310,101440249,map,13.312393399076093,11.95319540659753,-0.006195213379939696,-0.004016123001639336,-0.03709924765215638,0.9971377826620968,-0.06575529611671256
1759214310,101440249,map,13.312393399076093,11.95319540659753,-0.006195213379939696,-0.004016123001639336,-0.03709924765215638,0.9971377826620968,-0.06575529611671256
1759214310,155434754,map,13.31047316300049,11.965890381968489,-0.0037535419596644304,-0.0068817191905101585,-0.04055150993587433,0.9966299815045521,-0.07097109939362654
1759214310,155434754,map,13.31047316300049,11.965890381968489,-0.0037535419596644304,-0.0068817191905101585,-0.04055150993587433,0.9966299815045521,-0.07097109939362654
1759214310,209454759,map,13.304471190748503,11.977147064111627,-0.00422500821396235,0.0012900597279206312,-0.034656512487333556,0.9965612103439956,-0.07525301273586595
1759214310,209454759,map,13.304471190748503,11.977147064111627,-0.00422500821396235,0.0012900597279206312,-0.034656512487333556,0.9965612103439956,-0.07525301273586595
1759214310,209454759,map,13.304471190748503,11.977147064111627,-0.00422500821396235,0.0012900597279206312,-0.034656512487333556,0.9965612103439956,-0.07525301273586595
1759214310,259448181,map,13.298753357092906,11.986168265968757,-0.004784952988155344,0.008077740425028929,-0.02774809529360906,0.9961969642469397,-0.08219733415618917
1759214310,259448181,map,13.298753357092906,11.986168265968757,-0.004784952988155344,0.008077740425028929,-0.02774809529360906,0.9961969642469397,-0.08219733415618917
1759214310,313432770,map,13.292007444766806,11.995354147161988,-0.005809159711639977,0.014661546839891258,-0.02803185543641355,0.9954899926456716,-0.08943672996803081
1759214310,313432770,map,13.292007444766806,11.995354147161988,-0.005809159711639977,0.014661546839891258,-0.02803185543641355,0.9954899926456716,-0.08943672996803081
1759214310,313432770,map,13.292007444766806,11.995354147161988,-0.005809159711639977,0.014661546839891258,-0.02803185543641355,0.9954899926456716,-0.08943672996803081
1759214310,365432858,map,13.286130575124064,12.005329605113008,-0.008080182006951098,0.021140336348381125,-0.035502134724751624,0.9947363385366187,-0.09376727256257625
1759214310,365432858,map,13.286130575124064,12.005329605113008,-0.008080182006951098,0.021140336348381125,-0.035502134724751624,0.9947363385366187,-0.09376727256257625
1759214310,365432858,map,13.286130575124064,12.005329605113008,-0.008080182006951098,0.021140336348381125,-0.035502134724751624,0.9947363385366187,-0.09376727256257625
1759214310,419434072,map,13.277538140636441,12.01742274860953,-0.00672275458003585,0.015760580435354082,-0.039461651837775155,0.9948563021193328,-0.09195281546544283
1759214310,419434072,map,13.277538140636441,12.01742274860953,-0.00672275458003585,0.015760580435354082,-0.039461651837775155,0.9948563021193328,-0.09195281546544283
1759214310,473451619,map,13.270613222865444,12.029717548176727,-0.00889007123392166,0.007036244255663458,-0.03975136718708369,0.9949925461611813,-0.09143387313912613
1759214310,473451619,map,13.270613222865444,12.029717548176727,-0.00889007123392166,0.007036244255663458,-0.03975136718708369,0.9949925461611813,-0.09143387313912613
1759214310,473451619,map,13.270613222865444,12.029717548176727,-0.00889007123392166,0.007036244255663458,-0.03975136718708369,0.9949925461611813,-0.09143387313912613
1759214310,525437708,map,13.265936059185387,12.04289958159552,-0.011178985263839869,-0.00023798167169948782,-0.04239432543518891,0.9950335020104752,-0.09006105935635465
1759214310,525437708,map,13.265936059185387,12.04289958159552,-0.011178985263839869,-0.00023798167169948782,-0.04239432543518891,0.9950335020104752,-0.09006105935635465
1759214310,525437708,map,13.265936059185387,12.04289958159552,-0.011178985263839869,-0.00023798167169948782,-0.04239432543518891,0.9950335020104752,-0.09006105935635465
1759214310,577536755,map,13.261845777018054,12.058510671397347,-0.013778209321737817,-0.007091546914173971,-0.0466983457749554,0.9947247217423252,-0.09105878551189042
1759214310,577536755,map,13.261845777018054,12.058510671397347,-0.013778209321737817,-0.007091546914173971,-0.0466983457749554,0.9947247217423252,-0.09105878551189042
1759214310,631436593,map,13.257723837252215,12.075803211856979,-0.011343558451923225,-0.009330527079034954,-0.04938949029356699,0.9938213008537755,-0.09895878678661278
1759214310,631436593,map,13.257723837252215,12.075803211856979,-0.011343558451923225,-0.009330527079034954,-0.04938949029356699,0.9938213008537755,-0.09895878678661278
1759214310,631436593,map,13.257723837252215,12.075803211856979,-0.011343558451923225,-0.009330527079034954,-0.04938949029356699,0.9938213008537755,-0.09895878678661278
1759214310,683448057,map,13.250356633055876,12.092454577575324,-0.010993962735864338,0.002423210603242392,-0.041940597648002495,0.9937287587465062,-0.10362561632834176
1759214310,683448057,map,13.250356633055876,12.092454577575324,-0.010993962735864338,0.002423210603242392,-0.041940597648002495,0.9937287587465062,-0.10362561632834176
1759214310,683448057,map,13.250356633055876,12.092454577575324,-0.010993962735864338,0.002423210603242392,-0.041940597648002495,0.9937287587465062,-0.10362561632834176
1759214310,737450312,map,13.243540160359277,12.106828345964031,-0.011903066547752139,0.014348197861603336,-0.03347278843899626,0.9931460062733398,-0.1110617480303545
1759214310,737450312,map,13.243540160359277,12.106828345964031,-0.011903066547752139,0.014348197861603336,-0.03347278843899626,0.9931460062733398,-0.1110617480303545
1759214310,789436901,map,13.235069798142279,12.119334158089195,-0.012972448956598936,0.021175893595028073,-0.0314806449816215,0.9921628563986388,-0.11905216043771494
1759214310,789436901,map,13.235069798142279,12.119334158089195,-0.012972448956598936,0.021175893595028073,-0.0314806449816215,0.9921628563986388,-0.11905216043771494
1759214310,789436901,map,13.235069798142279,12.119334158089195,-0.012972448956598936,0.021175893595028073,-0.0314806449816215,0.9921628563986388,-0.11905216043771494
1759214310,843625156,map,13.227259078620184,12.132065670728743,-0.014173114184562186,0.0238540797662183,-0.035581728180098374,0.9914064312103685,-0.12360506321727079
1759214310,843625156,map,13.227259078620184,12.132065670728743,-0.014173114184562186,0.0238540797662183,-0.035581728180098374,0.9914064312103685,-0.12360506321727079
1759214310,843625156,map,13.227259078620184,12.132065670728743,-0.014173114184562186,0.0238540797662183,-0.035581728180098374,0.9914064312103685,-0.12360506321727079
1759214310,897449954,map,13.217736237692762,12.145667178412175,-0.013196389038504647,0.019152979156227507,-0.03703196527633883,0.991502599591111,-0.1232249647647833
1759214310,897449954,map,13.217736237692762,12.145667178412175,-0.013196389038504647,0.019152979156227507,-0.03703196527633883,0.991502599591111,-0.1232249647647833
1759214310,951431917,map,13.206729261141607,12.158886067662156,-0.015123088164099407,0.007496050890733795,-0.0349437437322851,0.9918786769222707,-0.12206323878195922
1759214310,951431917,map,13.206729261141607,12.158886067662156,-0.015123088164099407,0.007496050890733795,-0.0349437437322851,0.9918786769222707,-0.12206323878195922
1759214310,951431917,map,13.206729261141607,12.158886067662156,-0.015123088164099407,0.007496050890733795,-0.0349437437322851,0.9918786769222707,-0.12206323878195922
1759214311,3449797,map,13.200968504080587,12.172121397728027,-0.016698997868408616,-0.003621604592503776,-0.03348944199440371,0.9922426684641898,-0.11966548430580588
1759214311,3449797,map,13.200968504080587,12.172121397728027,-0.016698997868408616,-0.003621604592503776,-0.03348944199440371,0.9922426684641898,-0.11966548430580588
1759214311,3449797,map,13.200968504080587,12.172121397728027,-0.016698997868408616,-0.003621604592503776,-0.03348944199440371,0.9922426684641898,-0.11966548430580588
1759214311,55428886,map,13.194729409964136,12.18580484742028,-0.018954789866418048,-0.010998526298973958,-0.033372636591611035,0.9921647662045272,-0.11989318683099051
1759214311,55428886,map,13.194729409964136,12.18580484742028,-0.018954789866418048,-0.010998526298973958,-0.033372636591611035,0.9921647662045272,-0.11989318683099051
1759214311,107449100,map,13.189827171118138,12.198148220733689,-0.0166877956952714,-0.014040983789223867,-0.03104691505713828,0.9913408670545087,-0.12681571332954159
1759214311,107449100,map,13.189827171118138,12.198148220733689,-0.0166877956952714,-0.014040983789223867,-0.03104691505713828,0.9913408670545087,-0.12681571332954159
1759214311,107449100,map,13.189827171118138,12.198148220733689,-0.0166877956952714,-0.014040983789223867,-0.03104691505713828,0.9913408670545087,-0.12681571332954159
1759214311,163438314,map,13.181058386016158,12.21141888240992,-0.01569044049757992,-0.003696227719533981,-0.020966344135082856,0.9909649851382364,-0.13242034792368418
1759214311,163438314,map,13.181058386016158,12.21141888240992,-0.01569044049757992,-0.003696227719533981,-0.020966344135082856,0.9909649851382364,-0.13242034792368418
1759214311,163438314,map,13.181058386016158,12.21141888240992,-0.01569044049757992,-0.003696227719533981,-0.020966344135082856,0.9909649851382364,-0.13242034792368418
1759214311,215432860,map,13.172388461943251,12.22013108932744,-0.016054484215243803,0.005847043638653711,-0.009213137253879417,0.9903060483573561,-0.13847332150803118
1759214311,215432860,map,13.172388461943251,12.22013108932744,-0.016054484215243803,0.005847043638653711,-0.009213137253879417,0.9903060483573561,-0.13847332150803118
1759214311,269514283,map,13.16376025376138,12.226788471950613,-0.016640610473073914,0.010457520774498644,0.0006469125780822059,0.989405993752536,-0.14479641324951323
1759214311,269514283,map,13.16376025376138,12.226788471950613,-0.016640610473073914,0.010457520774498644,0.0006469125780822059,0.989405993752536,-0.14479641324951323
1759214311,269514283,map,13.16376025376138,12.226788471950613,-0.016640610473073914,0.010457520774498644,0.0006469125780822059,0.989405993752536,-0.14479641324951323
1759214311,319657538,map,13.155010531529175,12.2313692066944,-0.018051166569252625,0.013806317328696619,0.001561161876580257,0.9889427696198648,-0.1476453412472114
1759214311,319657538,map,13.155010531529175,12.2313692066944,-0.018051166569252625,0.013806317328696619,0.001561161876580257,0.9889427696198648,-0.1476453412472114
1759214311,373457668,map,13.145956332771169,12.235134777507739,-0.016041312148036585,0.016024467595026463,-0.0001945017753854635,0.9894213053567095,-0.14418272820827124
1759214311,373457668,map,13.145956332771169,12.235134777507739,-0.016041312148036585,0.016024467595026463,-0.0001945017753854635,0.9894213053567095,-0.14418272820827124
1759214311,373457668,map,13.145956332771169,12.235134777507739,-0.016041312148036585,0.016024467595026463,-0.0001945017753854635,0.9894213053567095,-0.14418272820827124
1759214311,427441673,map,13.134850589696404,12.239338124439373,-0.017355011364075357,0.011415707892840802,-0.0036853486614470883,0.9898917512670976,-0.14131673854114923
1759214311,427441673,map,13.134850589696404,12.239338124439373,-0.017355011364075357,0.011415707892840802,-0.0036853486614470883,0.9898917512670976,-0.14131673854114923
1759214311,427441673,map,13.134850589696404,12.239338124439373,-0.017355011364075357,0.011415707892840802,-0.0036853486614470883,0.9898917512670976,-0.14131673854114923
1759214311,479459095,map,13.124938912639271,12.243244008384366,-0.01771155490357834,0.006021498709089856,-0.005720621066499546,0.9906447274493503,-0.1362132153086201
1759214311,479459095,map,13.124938912639271,12.243244008384366,-0.01771155490357834,0.006021498709089856,-0.005720621066499546,0.9906447274493503,-0.1362132153086201
1759214311,479459095,map,13.124938912639271,12.243244008384366,-0.01771155490357834,0.006021498709089856,-0.005720621066499546,0.9906447274493503,-0.1362132153086201
1759214311,535445476,map,13.113012105978658,12.245516740122955,-0.018541983608759027,0.003479756118003499,-0.007159322828770189,0.9912595666846171,-0.1316856364613003
1759214311,535445476,map,13.113012105978658,12.245516740122955,-0.018541983608759027,0.003479756118003499,-0.007159322828770189,0.9912595666846171,-0.1316856364613003
1759214311,587448481,map,13.100130570918546,12.246171535186335,-0.014616323986046398,-0.0012047428453290595,-0.008249323063795135,0.9910873199974053,-0.1329527036356407
1759214311,587448481,map,13.100130570918546,12.246171535186335,-0.014616323986046398,-0.0012047428453290595,-0.008249323063795135,0.9910873199974053,-0.1329527036356407
1759214311,587448481,map,13.100130570918546,12.246171535186335,-0.014616323986046398,-0.0012047428453290595,-0.008249323063795135,0.9910873199974053,-0.1329527036356407
1759214311,641442195,map,13.08273800225303,12.245902776824362,-0.013996798070427141,0.0016910472724139356,-0.006026686634399069,0.9909380071623869,-0.13417408605379202
1759214311,641442195,map,13.08273800225303,12.245902776824362,-0.013996798070427141,0.0016910472724139356,-0.006026686634399069,0.9909380071623869,-0.13417408605379202
1759214311,641442195,map,13.08273800225303,12.245902776824362,-0.013996798070427141,0.0016910472724139356,-0.006026686634399069,0.9909380071623869,-0.13417408605379202
1759214311,695448075,map,13.06478064411572,12.243678754080559,-0.015478199536142295,0.0026821939032532693,-0.001509089886387473,0.9905506608466901,-0.13711278853471554
1759214311,695448075,map,13.06478064411572,12.243678754080559,-0.015478199536142295,0.0026821939032532693,-0.001509089886387473,0.9905506608466901,-0.13711278853471554
1759214311,747432497,map,13.045585905507007,12.238905910721702,-0.01785988865831209,0.001526671466457853,0.002300358961226601,0.9900033545084905,-0.14101679220865568
1759214311,747432497,map,13.045585905507007,12.238905910721702,-0.01785988865831209,0.001526671466457853,0.002300358961226601,0.9900033545084905,-0.14101679220865568
1759214311,747432497,map,13.045585905507007,12.238905910721702,-0.01785988865831209,0.001526671466457853,0.002300358961226601,0.9900033545084905,-0.14101679220865568
1759214311,801430419,map,13.022618844781602,12.23172839143825,-0.021589872818904482,0.0001674765851255514,0.002272651779430128,0.9897977093176736,-0.14246157950468236
1759214311,801430419,map,13.022618844781602,12.23172839143825,-0.021589872818904482,0.0001674765851255514,0.002272651779430128,0.9897977093176736,-0.14246157950468236
1759214311,801430419,map,13.022618844781602,12.23172839143825,-0.021589872818904482,0.0001674765851255514,0.002272651779430128,0.9897977093176736,-0.14246157950468236
1759214311,853461050,map,13.00205410550494,12.224506600906418,-0.021048313872290364,0.000446132128630052,0.0008249780647109654,0.9900422779400835,-0.14076721304525097
1759214311,853461050,map,13.00205410550494,12.224506600906418,-0.021048313872290364,0.000446132128630052,0.0008249780647109654,0.9900422779400835,-0.14076721304525097
1759214311,907545805,map,12.978305323803294,12.219747851352595,-0.02057309312745223,-0.0011922052826990963,-0.0032652640299795244,0.9897422110553229,-0.14282252046753374
1759214311,907545805,map,12.978305323803294,12.219747851352595,-0.02057309312745223,-0.0011922052826990963,-0.0032652640299795244,0.9897422110553229,-0.14282252046753374
1759214311,907545805,map,12.978305323803294,12.219747851352595,-0.02057309312745223,-0.0011922052826990963,-0.0032652640299795244,0.9897422110553229,-0.14282252046753374
1759214311,961440935,map,12.95376767641772,12.215430342387073,-0.020687902596395996,-0.004292240146678672,-0.007722223500788838,0.9887929398540182,-0.14903176182805883
1759214311,961440935,map,12.95376767641772,12.215430342387073,-0.020687902596395996,-0.004292240146678672,-0.007722223500788838,0.9887929398540182,-0.14903176182805883
1759214312,11447482,map,12.931298751081732,12.21126430905825,-0.023173937019489832,-0.004413243269594152,-0.007227716110820987,0.986964086110089,-0.1607176907889783
1759214312,11447482,map,12.931298751081732,12.21126430905825,-0.023173937019489832,-0.004413243269594152,-0.007227716110820987,0.986964086110089,-0.1607176907889783
1759214312,11447482,map,12.931298751081732,12.21126430905825,-0.023173937019489832,-0.004413243269594152,-0.007227716110820987,0.986964086110089,-0.1607176907889783
1759214312,65443071,map,12.90409555366077,12.2051842570503,-0.021842972605655597,-0.0056832743401899685,-0.0034717360480168136,0.9834735115826257,-0.18092954279753704
1759214312,65443071,map,12.90409555366077,12.2051842570503,-0.021842972605655597,-0.0056832743401899685,-0.0034717360480168136,0.9834735115826257,-0.18092954279753704
1759214312,65443071,map,12.90409555366077,12.2051842570503,-0.021842972605655597,-0.0056832743401899685,-0.0034717360480168136,0.9834735115826257,-0.18092954279753704
1759214312,117435201,map,12.896861945775964,12.210105452029527,-0.015600958711561919,-0.00023027957096961822,0.009556687504994672,0.9802932732286916,-0.1973162820393413
1759214312,117435201,map,12.896861945775964,12.210105452029527,-0.015600958711561919,-0.00023027957096961822,0.009556687504994672,0.9802932732286916,-0.1973162820393413
1759214312,171435665,map,12.915141626575833,12.222859171224815,-0.00167711048455077,0.0035579276256280483,0.03144581437878437,0.9784962797595453,-0.2038223059574084
1759214312,171435665,map,12.915141626575833,12.222859171224815,-0.00167711048455077,0.0035579276256280483,0.03144581437878437,0.9784962797595453,-0.2038223059574084
1759214312,171435665,map,12.915141626575833,12.222859171224815,-0.00167711048455077,0.0035579276256280483,0.03144581437878437,0.9784962797595453,-0.2038223059574084
1759214312,223440420,map,12.887426879843778,12.211428570668362,-0.0031825273357116712,0.002448104118072432,0.03478653178628673,0.9773579147052333,-0.20869933051053818
1759214312,223440420,map,12.887426879843778,12.211428570668362,-0.0031825273357116712,0.002448104118072432,0.03478653178628673,0.9773579147052333,-0.20869933051053818
1759214312,223440420,map,12.887426879843778,12.211428570668362,-0.0031825273357116712,0.002448104118072432,0.03478653178628673,0.9773579147052333,-0.20869933051053818
1759214312,277606092,map,12.85937348911853,12.19847392480596,-0.005957466141538803,0.0015363138720330986,0.033875118821930096,0.9776769968395129,-0.2073591230579396
1759214312,277606092,map,12.85937348911853,12.19847392480596,-0.005957466141538803,0.0015363138720330986,0.033875118821930096,0.9776769968395129,-0.2073591230579396
1759214312,331448348,map,12.834267950944497,12.18422687752716,-0.003480728947306444,0.0016306131889832086,0.027371945530572716,0.9798473942317831,-0.19785651800151505
1759214312,331448348,map,12.834267950944497,12.18422687752716,-0.003480728947306444,0.0016306131889832086,0.027371945530572716,0.9798473942317831,-0.19785651800151505
1759214312,331448348,map,12.834267950944497,12.18422687752716,-0.003480728947306444,0.0016306131889832086,0.027371945530572716,0.9798473942317831,-0.19785651800151505
1759214312,383436561,map,12.806969867341586,12.173752315101646,-0.0014571696995397954,0.002510428979498004,0.019423458143404328,0.9812117758983828,-0.19193717164330676
1759214312,383436561,map,12.806969867341586,12.173752315101646,-0.0014571696995397954,0.002510428979498004,0.019423458143404328,0.9812117758983828,-0.19193717164330676
1759214312,383436561,map,12.806969867341586,12.173752315101646,-0.0014571696995397954,0.002510428979498004,0.019423458143404328,0.9812117758983828,-0.19193717164330676
1759214312,437458317,map,12.778041289980141,12.16314079516746,0.0002464232068803973,0.0020606844706272023,0.010964690721138582,0.9819803004957561,-0.18865370013643207
1759214312,437458317,map,12.778041289980141,12.16314079516746,0.0002464232068803973,0.0020606844706272023,0.010964690721138582,0.9819803004957561,-0.18865370013643207
1759214312,489446738,map,12.748884025653354,12.153603079995126,-0.0007783663593902146,0.004812367760315381,0.00828285388113105,0.9818425135240563,-0.18945583676647915
1759214312,489446738,map,12.748884025653354,12.153603079995126,-0.0007783663593902146,0.004812367760315381,0.00828285388113105,0.9818425135240563,-0.18945583676647915
1759214312,489446738,map,12.748884025653354,12.153603079995126,-0.0007783663593902146,0.004812367760315381,0.00828285388113105,0.9818425135240563,-0.18945583676647915
1759214312,543447494,map,12.7191448785871,12.143569607191889,0.0011922132886644787,0.002890097767048022,0.009382985280429914,0.980098213003562,-0.1982702695548387
1759214312,543447494,map,12.7191448785871,12.143569607191889,0.0011922132886644787,0.002890097767048022,0.009382985280429914,0.980098213003562,-0.1982702695548387
1759214312,543447494,map,12.7191448785871,12.143569607191889,0.0011922132886644787,0.002890097767048022,0.009382985280429914,0.980098213003562,-0.1982702695548387
1759214312,597448124,map,12.68821229526415,12.132876283301423,0.006133212396329801,0.0053173340075445205,0.01574222237338574,0.9784116910852735,-0.20599628914486393
1759214312,597448124,map,12.68821229526415,12.132876283301423,0.006133212396329801,0.0053173340075445205,0.01574222237338574,0.9784116910852735,-0.20599628914486393
1759214312,649427588,map,12.658672093762581,12.120528484090201,0.008810467148136492,0.006496617205194983,0.023272078480942777,0.9773347201959391,-0.21031654482610557
1759214312,649427588,map,12.658672093762581,12.120528484090201,0.008810467148136492,0.006496617205194983,0.023272078480942777,0.9773347201959391,-0.21031654482610557
1759214312,649427588,map,12.658672093762581,12.120528484090201,0.008810467148136492,0.006496617205194983,0.023272078480942777,0.9773347201959391,-0.21031654482610557
1759214312,703441927,map,12.627304547270558,12.105239808858244,0.00957714525151554,0.006764757487915603,0.028451602001888655,0.9769505582603035,-0.2114529524847956
1759214312,703441927,map,12.627304547270558,12.105239808858244,0.00957714525151554,0.006764757487915603,0.028451602001888655,0.9769505582603035,-0.2114529524847956
1759214312,703441927,map,12.627304547270558,12.105239808858244,0.00957714525151554,0.006764757487915603,0.028451602001888655,0.9769505582603035,-0.2114529524847956
1759214312,755435599,map,12.60364393380746,12.088490463856491,0.007499140601455345,0.008170327729337467,0.028145441697675085,0.977600534973578,-0.20841850655786803
1759214312,755435599,map,12.60364393380746,12.088490463856491,0.007499140601455345,0.008170327729337467,0.028145441697675085,0.977600534973578,-0.20841850655786803
1759214312,809448479,map,12.587459752116462,12.071582758756925,0.011853389722069563,0.008798584728060279,0.018306638021521528,0.9798060324043335,-0.19891603951217812
1759214312,809448479,map,12.587459752116462,12.071582758756925,0.011853389722069563,0.008798584728060279,0.018306638021521528,0.9798060324043335,-0.19891603951217812
1759214312,809448479,map,12.587459752116462,12.071582758756925,0.011853389722069563,0.008798584728060279,0.018306638021521528,0.9798060324043335,-0.19891603951217812
1759214312,863455276,map,12.572083605741437,12.060025014029591,0.01566104013310915,0.010408108590661035,0.00888437478980385,0.981165298500039,-0.1926847066569861
1759214312,863455276,map,12.572083605741437,12.060025014029591,0.01566104013310915,0.010408108590661035,0.00888437478980385,0.981165298500039,-0.1926847066569861
1759214312,863455276,map,12.572083605741437,12.060025014029591,0.01566104013310915,0.010408108590661035,0.00888437478980385,0.981165298500039,-0.1926847066569861
1759214312,915444573,map,12.556154494326064,12.048912876459656,0.017943515268039,0.010725913318539407,0.00018838244730035936,0.9816178644917817,-0.19055520828917502
1759214312,915444573,map,12.556154494326064,12.048912876459656,0.017943515268039,0.010725913318539407,0.00018838244730035936,0.9816178644917817,-0.19055520828917502
1759214312,969521037,map,12.539676301833431,12.039475931084235,0.01784716878647491,0.012061407488998846,-0.004503673159873151,0.9811604821782001,-0.1927650061325845
1759214312,969521037,map,12.539676301833431,12.039475931084235,0.01784716878647491,0.012061407488998846,-0.004503673159873151,0.9811604821782001,-0.1927650061325845
1759214312,969521037,map,12.539676301833431,12.039475931084235,0.01784716878647491,0.012061407488998846,-0.004503673159873151,0.9811604821782001,-0.1927650061325845
1759214313,19505792,map,12.522371562821283,12.032820645292508,0.019767500956195838,0.00789105667308512,-0.005884238027190155,0.9791513413501239,-0.20289346391560922
1759214313,19505792,map,12.522371562821283,12.032820645292508,0.019767500956195838,0.00789105667308512,-0.005884238027190155,0.9791513413501239,-0.20289346391560922
1759214313,73446505,map,12.5039560999243,12.023357626901365,0.02449924433699041,0.008843011634817821,-0.0008626139750408012,0.9769770409571483,-0.2131593734391505
1759214313,73446505,map,12.5039560999243,12.023357626901365,0.02449924433699041,0.008843011634817821,-0.0008626139750408012,0.9769770409571483,-0.2131593734391505
1759214313,73446505,map,12.5039560999243,12.023357626901365,0.02449924433699041,0.008843011634817821,-0.0008626139750408012,0.9769770409571483,-0.2131593734391505
1759214313,127445969,map,12.476717810311396,12.011276419468011,0.026769766441160914,0.007970241714683373,0.007681273830198676,0.9753128342821134,-0.22055010442968737
1759214313,127445969,map,12.476717810311396,12.011276419468011,0.026769766441160914,0.007970241714683373,0.007681273830198676,0.9753128342821134,-0.22055010442968737
1759214313,127445969,map,12.476717810311396,12.011276419468011,0.026769766441160914,0.007970241714683373,0.007681273830198676,0.9753128342821134,-0.22055010442968737
1759214313,179450933,map,12.45064085161258,11.997308395984533,0.02737024479784761,0.006378547029408042,0.013445970036484284,0.9744884871306404,-0.22394353859267122
1759214313,179450933,map,12.45064085161258,11.997308395984533,0.02737024479784761,0.006378547029408042,0.013445970036484284,0.9744884871306404,-0.22394353859267122
1759214313,229484396,map,12.425630677286623,11.982463605898207,0.02527983574153897,0.0074473718602303205,0.01609873538868832,0.9745580114573119,-0.22343242753823894
1759214313,229484396,map,12.425630677286623,11.982463605898207,0.02527983574153897,0.0074473718602303205,0.01609873538868832,0.9745580114573119,-0.22343242753823894
1759214313,229484396,map,12.425630677286623,11.982463605898207,0.02527983574153897,0.0074473718602303205,0.01609873538868832,0.9745580114573119,-0.22343242753823894
1759214313,283450193,map,12.388332590668321,11.962631926442313,0.03073854364222356,0.00704405726671522,0.007214229126173958,0.9768460551233596,-0.21370568720852653
1759214313,283450193,map,12.388332590668321,11.962631926442313,0.03073854364222356,0.00704405726671522,0.007214229126173958,0.9768460551233596,-0.21370568720852653
1759214313,283450193,map,12.388332590668321,11.962631926442313,0.03073854364222356,0.00704405726671522,0.007214229126173958,0.9768460551233596,-0.21370568720852653
1759214313,337444782,map,12.367081542086867,11.951976973044014,0.03172950666846891,0.008863975033539003,-0.0019048846451481124,0.9781096976233421,-0.20789232976776126
1759214313,337444782,map,12.367081542086867,11.951976973044014,0.03172950666846891,0.008863975033539003,-0.0019048846451481124,0.9781096976233421,-0.20789232976776126
1759214313,389442246,map,12.344723416254352,11.941692952015824,0.03227223952389302,0.007599800494168678,-0.00829994985042779,0.9786287603184303,-0.2053268208065903
1759214313,389442246,map,12.344723416254352,11.941692952015824,0.03227223952389302,0.007599800494168678,-0.00829994985042779,0.9786287603184303,-0.2053268208065903
1759214313,389442246,map,12.344723416254352,11.941692952015824,0.03227223952389302,0.007599800494168678,-0.00829994985042779,0.9786287603184303,-0.2053268208065903
1759214313,443447543,map,12.322695815322133,11.933154802351037,0.03132815574879272,0.006792513156837428,-0.012028586511478175,0.9783937681146895,-0.206288170736689
1759214313,443447543,map,12.322695815322133,11.933154802351037,0.03132815574879272,0.006792513156837428,-0.012028586511478175,0.9783937681146895,-0.206288170736689
1759214313,493473339,map,12.30144327801862,11.927130110287806,0.033865047215042354,0.0012032001424113732,-0.01210612435905366,0.9771699585112282,-0.2121105047978172
1759214313,493473339,map,12.30144327801862,11.927130110287806,0.033865047215042354,0.0012032001424113732,-0.01210612435905366,0.9771699585112282,-0.2121105047978172
1759214313,493473339,map,12.30144327801862,11.927130110287806,0.033865047215042354,0.0012032001424113732,-0.01210612435905366,0.9771699585112282,-0.2121105047978172
1759214313,547450345,map,12.279936174564822,11.920260083199306,0.03874162161454969,0.005982461581594504,-0.008372318971600162,0.9755024524724043,-0.21974776369462157
1759214313,547450345,map,12.279936174564822,11.920260083199306,0.03874162161454969,0.005982461581594504,-0.008372318971600162,0.9755024524724043,-0.21974776369462157
1759214313,547450345,map,12.279936174564822,11.920260083199306,0.03874162161454969,0.005982461581594504,-0.008372318971600162,0.9755024524724043,-0.21974776369462157
1759214313,599439642,map,12.272094622412592,11.914655866900684,0.03853224864439686,0.006819559890383859,0.0008596563422433322,0.9742636468255044,-0.22530668225364223
1759214313,599439642,map,12.272094622412592,11.914655866900684,0.03853224864439686,0.006819559890383859,0.0008596563422433322,0.9742636468255044,-0.22530668225364223
1759214313,653444647,map,12.34298314263502,11.927745011675558,0.021690773581240885,-0.00024231727689170255,0.0043729738269982985,0.9736718634085243,-0.22791209004530222
1759214313,653444647,map,12.34298314263502,11.927745011675558,0.021690773581240885,-0.00024231727689170255,0.0043729738269982985,0.9736718634085243,-0.22791209004530222
1759214313,653444647,map,12.34298314263502,11.927745011675558,0.021690773581240885,-0.00024231727689170255,0.0043729738269982985,0.9736718634085243,-0.22791209004530222
1759214313,705604152,map,12.332477231875332,11.919099690032404,0.01862209854690977,-0.0011473857630288982,0.009214400051117266,0.9736827333911516,-0.22771849515035955
1759214313,705604152,map,12.332477231875332,11.919099690032404,0.01862209854690977,-0.0011473857630288982,0.009214400051117266,0.9736827333911516,-0.22771849515035955
1759214313,705604152,map,12.332477231875332,11.919099690032404,0.01862209854690977,-0.0011473857630288982,0.009214400051117266,0.9736827333911516,-0.22771849515035955
1759214313,757449658,map,12.315107761647925,11.907856477777912,0.021494446806671286,-0.002784854229742058,0.0060967568353334205,0.9756537615032573,-0.21921407757613354
1759214313,757449658,map,12.315107761647925,11.907856477777912,0.021494446806671286,-0.002784854229742058,0.0060967568353334205,0.9756537615032573,-0.21921407757613354
1759214313,813448205,map,12.293382240236017,11.897674729530001,0.021867170463912927,0.0003962351790755675,-0.0005973925761597501,0.97727190500502,-0.21198846621373507
1759214313,813448205,map,12.293382240236017,11.897674729530001,0.021867170463912927,0.0003962351790755675,-0.0005973925761597501,0.97727190500502,-0.21198846621373507
1759214313,813448205,map,12.293382240236017,11.897674729530001,0.021867170463912927,0.0003962351790755675,-0.0005973925761597501,0.97727190500502,-0.21198846621373507
1759214313,867426960,map,12.274428935376475,11.890029387539144,0.02174163002562901,-0.0014185227181125182,-0.0074097130679414685,0.9787681933897706,-0.20483141251788872
1759214313,867426960,map,12.274428935376475,11.890029387539144,0.02174163002562901,-0.0014185227181125182,-0.0074097130679414685,0.9787681933897706,-0.20483141251788872
1759214313,867426960,map,12.274428935376475,11.890029387539144,0.02174163002562901,-0.0014185227181125182,-0.0074097130679414685,0.9787681933897706,-0.20483141251788872
1759214313,919501424,map,12.254174825985766,11.883710900869284,0.019933327974685333,-0.003098110815892864,-0.01135171397777977,0.9799904100709943,-0.19869659400207038
1759214313,919501424,map,12.254174825985766,11.883710900869284,0.019933327974685333,-0.003098110815892864,-0.01135171397777977,0.9799904100709943,-0.19869659400207038
1759214313,919501424,map,12.254174825985766,11.883710900869284,0.019933327974685333,-0.003098110815892864,-0.01135171397777977,0.9799904100709943,-0.19869659400207038
1759214313,973446346,map,12.234438620395933,11.878545243145904,0.020487434023809037,-0.007552627256059644,-0.01248357312256481,0.9809060115849759,-0.19393430501094897
1759214313,973446346,map,12.234438620395933,11.878545243145904,0.020487434023809037,-0.007552627256059644,-0.01248357312256481,0.9809060115849759,-0.19393430501094897
1759214314,25447226,map,12.21362711545721,11.872960596950644,0.02590616700858067,-0.004555512183885253,-0.010365489433141323,0.982213995300408,-0.18742324128443627
1759214314,25447226,map,12.21362711545721,11.872960596950644,0.02590616700858067,-0.004555512183885253,-0.010365489433141323,0.982213995300408,-0.18742324128443627
1759214314,25447226,map,12.21362711545721,11.872960596950644,0.02590616700858067,-0.004555512183885253,-0.010365489433141323,0.982213995300408,-0.18742324128443627
1759214314,79519232,map,12.192386193808955,11.86455968955875,0.02823983949675052,-0.003607322756450716,-0.0019644506964707825,0.9842392449985928,-0.17679433463941016
1759214314,79519232,map,12.192386193808955,11.86455968955875,0.02823983949675052,-0.003607322756450716,-0.0019644506964707825,0.9842392449985928,-0.17679433463941016
1759214314,131435987,map,12.174529497608006,11.855583037524296,0.02891793022217551,-0.005783941169832836,0.0036056344944745524,0.9866117152301919,-0.16294437331486789
1759214314,131435987,map,12.174529497608006,11.855583037524296,0.02891793022217551,-0.005783941169832836,0.0036056344944745524,0.9866117152301919,-0.16294437331486789
1759214314,131435987,map,12.174529497608006,11.855583037524296,0.02891793022217551,-0.005783941169832836,0.0036056344944745524,0.9866117152301919,-0.16294437331486789
1759214314,185424826,map,12.153347633363062,11.844255648177768,0.027549349420261243,-0.005711514472022689,0.004919334707667737,0.9895202279349717,-0.14419742458168747
1759214314,185424826,map,12.153347633363062,11.844255648177768,0.027549349420261243,-0.005711514472022689,0.004919334707667737,0.9895202279349717,-0.14419742458168747
1759214314,185424826,map,12.153347633363062,11.844255648177768,0.027549349420261243,-0.005711514472022689,0.004919334707667737,0.9895202279349717,-0.14419742458168747
1759214314,239458414,map,12.183207459733355,11.814610420722854,0.024532931515245604,-0.0034361807738155048,-0.00267360847564602,0.9919432856649648,-0.12660790853498344
1759214314,239458414,map,12.183207459733355,11.814610420722854,0.024532931515245604,-0.0034361807738155048,-0.00267360847564602,0.9919432856649648,-0.12660790853498344
1759214314,289463211,map,12.204034869121687,11.790165071566378,0.01978467767484321,0.0041831131794937285,-0.013379953186540314,0.9936319340735345,-0.11179918607101355
1759214314,289463211,map,12.204034869121687,11.790165071566378,0.01978467767484321,0.0041831131794937285,-0.013379953186540314,0.9936319340735345,-0.11179918607101355
1759214314,289463211,map,12.204034869121687,11.790165071566378,0.01978467767484321,0.0041831131794937285,-0.013379953186540314,0.9936319340735345,-0.11179918607101355
1759214314,341583175,map,12.187559018868782,11.784285492928959,0.01917443303180455,0.005860863130664671,-0.023773726800050375,0.9953504310999401,-0.09315567350711128
1759214314,341583175,map,12.187559018868782,11.784285492928959,0.01917443303180455,0.005860863130664671,-0.023773726800050375,0.9953504310999401,-0.09315567350711128
1759214314,341583175,map,12.187559018868782,11.784285492928959,0.01917443303180455,0.005860863130664671,-0.023773726800050375,0.9953504310999401,-0.09315567350711128
1759214314,395439222,map,12.168311468056652,11.77983400821567,0.017260708987331647,0.003646712857422962,-0.031138188181127135,0.9959983716399139,-0.08369204509851683
1759214314,395439222,map,12.168311468056652,11.77983400821567,0.017260708987331647,0.003646712857422962,-0.031138188181127135,0.9959983716399139,-0.08369204509851683
1759214314,447437644,map,12.150576718091063,11.777789000070449,0.017908631041552353,-0.002579499501538806,-0.03270234374042546,0.9958290493508308,-0.08513757904254209
1759214314,447437644,map,12.150576718091063,11.777789000070449,0.017908631041552353,-0.002579499501538806,-0.03270234374042546,0.9958290493508308,-0.08513757904254209
1759214314,447437644,map,12.150576718091063,11.777789000070449,0.017908631041552353,-0.002579499501538806,-0.03270234374042546,0.9958290493508308,-0.08513757904254209
1759214314,501447024,map,12.132313841092985,11.775818425293252,0.022644512332598288,-0.0009395424678884125,-0.028674837603368843,0.9952268691723187,-0.09327566577535502
1759214314,501447024,map,12.132313841092985,11.775818425293252,0.022644512332598288,-0.0009395424678884125,-0.028674837603368843,0.9952268691723187,-0.09327566577535502
1759214314,501447024,map,12.132313841092985,11.775818425293252,0.022644512332598288,-0.0009395424678884125,-0.028674837603368843,0.9952268691723187,-0.09327566577535502
1759214314,555435404,map,12.110820965140462,11.771599194357547,0.02315808113741316,0.0006933210679764516,-0.020021534930854477,0.9948326109938427,-0.09953257531121593
1759214314,555435404,map,12.110820965140462,11.771599194357547,0.02315808113741316,0.0006933210679764516,-0.020021534930854477,0.9948326109938427,-0.09953257531121593
1759214314,607778660,map,12.091170612859734,11.765973637220874,0.02277431157072607,-0.0028870364564105894,-0.011461245269273267,0.9943689041640316,-0.10531280695622786
1759214314,607778660,map,12.091170612859734,11.765973637220874,0.02277431157072607,-0.0028870364564105894,-0.011461245269273267,0.9943689041640316,-0.10531280695622786
1759214314,607778660,map,12.091170612859734,11.765973637220874,0.02277431157072607,-0.0028870364564105894,-0.011461245269273267,0.9943689041640316,-0.10531280695622786
1759214314,661431623,map,12.06847344009479,11.76003984054307,0.020063208572365043,-0.003884801084526819,-0.0065982220076717555,0.9941320113419111,-0.10790234386776536
1759214314,661431623,map,12.06847344009479,11.76003984054307,0.020063208572365043,-0.003884801084526819,-0.0065982220076717555,0.9941320113419111,-0.10790234386776536
1759214314,661431623,map,12.06847344009479,11.76003984054307,0.020063208572365043,-0.003884801084526819,-0.0065982220076717555,0.9941320113419111,-0.10790234386776536
1759214314,713448920,map,12.04848693455607,11.753868006973356,0.021026247234692486,-0.005735585385441962,-0.007161430034070417,0.9945532953335098,-0.10382465854222618
1759214314,713448920,map,12.04848693455607,11.753868006973356,0.021026247234692486,-0.005735585385441962,-0.007161430034070417,0.9945532953335098,-0.10382465854222618
1759214314,767444134,map,12.023255165472694,11.74930464824143,0.022600664406722842,-0.0041079221218960895,-0.011428031964279573,0.9947748850597068,-0.10136790969390286
1759214314,767444134,map,12.023255165472694,11.74930464824143,0.022600664406722842,-0.0041079221218960895,-0.011428031964279573,0.9947748850597068,-0.10136790969390286
1759214314,767444134,map,12.023255165472694,11.74930464824143,0.022600664406722842,-0.0041079221218960895,-0.011428031964279573,0.9947748850597068,-0.10136790969390286
1759214314,819554139,map,12.00042446616632,11.747304915401516,0.023567398579669246,-0.0054458522284884245,-0.013020688508912501,0.9948025758607659,-0.10083967188088455
1759214314,819554139,map,12.00042446616632,11.747304915401516,0.023567398579669246,-0.0054458522284884245,-0.013020688508912501,0.9948025758607659,-0.10083967188088455
1759214314,873440728,map,11.975349053101223,11.746035974685595,0.022281643844097254,-0.00757398333913065,-0.01284284991901602,0.9945566004071156,-0.10312547972725936
1759214314,873440728,map,11.975349053101223,11.746035974685595,0.022281643844097254,-0.00757398333913065,-0.01284284991901602,0.9945566004071156,-0.10312547972725936
1759214314,873440728,map,11.975349053101223,11.746035974685595,0.022281643844097254,-0.00757398333913065,-0.01284284991901602,0.9945566004071156,-0.10312547972725936
1759214314,925443733,map,11.950806639033061,11.745877607732465,0.020617745848459323,-0.008962222125552824,-0.01049806572558393,0.9939495901736591,-0.10896642319636213
1759214314,925443733,map,11.950806639033061,11.745877607732465,0.020617745848459323,-0.008962222125552824,-0.01049806572558393,0.9939495901736591,-0.10896642319636213
1759214314,925443733,map,11.950806639033061,11.745877607732465,0.020617745848459323,-0.008962222125552824,-0.01049806572558393,0.9939495901736591,-0.10896642319636213
1759214314,979449155,map,11.923045889516489,11.745011632293526,0.02537165715957984,-0.0060244913402300255,-0.004240981286197121,0.9929822660544309,-0.11803363454214738
1759214314,979449155,map,11.923045889516489,11.745011632293526,0.02537165715957984,-0.0060244913402300255,-0.004240981286197121,0.9929822660544309,-0.11803363454214738
1759214315,31446327,map,11.902320222430458,11.741460271732734,0.02638904418897378,-0.0027531356494158565,0.005993326440297469,0.9922098295928772,-0.12440319265014696
1759214315,31446327,map,11.902320222430458,11.741460271732734,0.02638904418897378,-0.0027531356494158565,0.005993326440297469,0.9922098295928772,-0.12440319265014696
1759214315,31446327,map,11.902320222430458,11.741460271732734,0.02638904418897378,-0.0027531356494158565,0.005993326440297469,0.9922098295928772,-0.12440319265014696
1759214315,85442874,map,11.925631095736826,11.733652469206145,0.020710222315508287,-0.0011656660800872102,0.01446374048099547,0.9909314370627819,-0.13358266532218216
1759214315,85442874,map,11.925631095736826,11.733652469206145,0.020710222315508287,-0.0011656660800872102,0.01446374048099547,0.9909314370627819,-0.13358266532218216
1759214315,85442874,map,11.925631095736826,11.733652469206145,0.020710222315508287,-0.0011656660800872102,0.01446374048099547,0.9909314370627819,-0.13358266532218216
1759214315,137435005,map,11.946886970489773,11.722640606026733,0.013440444423994224,-0.00014690030881385398,0.016007661126776797,0.9901914188384145,-0.1387972883896406
1759214315,137435005,map,11.946886970489773,11.722640606026733,0.013440444423994224,-0.00014690030881385398,0.016007661126776797,0.9901914188384145,-0.1387972883896406
1759214315,193499010,map,11.94954986618195,11.710392840461505,0.01104261047060573,-0.0032120730414677474,0.011943117259508931,0.9909167061709709,-0.13390715428301683
1759214315,193499010,map,11.94954986618195,11.710392840461505,0.01104261047060573,-0.0032120730414677474,0.011943117259508931,0.9909167061709709,-0.13390715428301683
1759214315,193499010,map,11.94954986618195,11.710392840461505,0.01104261047060573,-0.0032120730414677474,0.011943117259508931,0.9909167061709709,-0.13390715428301683
1759214315,247526766,map,11.928536208058272,11.703288134196377,0.013015882947593704,-0.0011273736609800447,0.0023150552353215525,0.9916784531656182,-0.12871369420124942
1759214315,247526766,map,11.928536208058272,11.703288134196377,0.013015882947593704,-0.0011273736609800447,0.0023150552353215525,0.9916784531656182,-0.12871369420124942
1759214315,247526766,map,11.928536208058272,11.703288134196377,0.013015882947593704,-0.0011273736609800447,0.0023150552353215525,0.9916784531656182,-0.12871369420124942
1759214315,299432062,map,11.911137100258024,11.699644997539458,0.014311619005214049,-0.0017818888154974085,-0.00443483177431701,0.9920120625534519,-0.12605246878910853
1759214315,299432062,map,11.911137100258024,11.699644997539458,0.014311619005214049,-0.0017818888154974085,-0.00443483177431701,0.9920120625534519,-0.12605246878910853
1759214315,353505318,map,11.89200599209051,11.697575287119829,0.014483889911988235,-0.005420262048431832,-0.008863427743492488,0.9918399294926651,-0.1270653952575107
1759214315,353505318,map,11.89200599209051,11.697575287119829,0.014483889911988235,-0.005420262048431832,-0.008863427743492488,0.9918399294926651,-0.1270653952575107
1759214315,353505318,map,11.89200599209051,11.697575287119829,0.014483889911988235,-0.005420262048431832,-0.008863427743492488,0.9918399294926651,-0.1270653952575107
1759214315,403424948,map,11.875505176237851,11.69719078206278,0.013745189243566103,-0.0078069951945156845,-0.013062856673126979,0.9912656874469368,-0.13099904385880834
1759214315,403424948,map,11.875505176237851,11.69719078206278,0.013745189243566103,-0.0078069951945156845,-0.013062856673126979,0.9912656874469368,-0.13099904385880834
1759214315,403424948,map,11.875505176237851,11.69719078206278,0.013745189243566103,-0.0078069951945156845,-0.013062856673126979,0.9912656874469368,-0.13099904385880834
1759214315,457445745,map,11.8602940905112,11.697800039282203,0.02097341176321177,-0.007502024653140766,-0.010214889985373657,0.990324066756202,-0.13819413320451795
1759214315,457445745,map,11.8602940905112,11.697800039282203,0.02097341176321177,-0.007502024653140766,-0.010214889985373657,0.990324066756202,-0.13819413320451795
1759214315,511452500,map,11.845947273703775,11.694974654158521,0.023383382863122526,-0.00013026283609492094,-0.0010904719533921072,0.9899056519760417,-0.1417236539480975
1759214315,511452500,map,11.845947273703775,11.694974654158521,0.023383382863122526,-0.00013026283609492094,-0.0010904719533921072,0.9899056519760417,-0.1417236539480975
1759214315,511452500,map,11.845947273703775,11.694974654158521,0.023383382863122526,-0.00013026283609492094,-0.0010904719533921072,0.9899056519760417,-0.1417236539480975
1759214315,565434006,map,11.832936863397236,11.68960075131784,0.025198074048286,-0.0014376728888456762,0.006774167172907412,0.9894279104231408,-0.14486011815360192
1759214315,565434006,map,11.832936863397236,11.68960075131784,0.025198074048286,-0.0014376728888456762,0.006774167172907412,0.9894279104231408,-0.14486011815360192
1759214315,565434006,map,11.832936863397236,11.68960075131784,0.025198074048286,-0.0014376728888456762,0.006774167172907412,0.9894279104231408,-0.14486011815360192
